Video ID,Video URL,Scene_ID,Original Video Codec,Original Video Resolution,Original Video Avg Framerate,Mature Humor - Scene Annotation,Slapstick Humor - Scene Annotation,Gory Humor - Scene Annotation,Sarcasm - Scene Annotation
v6IyejLa35s,https://www.youtube.com/watch?v=v6IyejLa35s,0,h264,640 x 360,25,1,0,1,0
v6IyejLa35s,https://www.youtube.com/watch?v=v6IyejLa35s,1,h264,640 x 360,25,1,0,1,0
v6IyejLa35s,https://www.youtube.com/watch?v=v6IyejLa35s,2,h264,640 x 360,25,1,0,1,0
uThDGzLhOXg,https://www.youtube.com/watch?v=uThDGzLhOXg,0,h264,640 x 360,29.97002997003,1,0,0,0
uThDGzLhOXg,https://www.youtube.com/watch?v=uThDGzLhOXg,1,h264,640 x 360,29.97002997003,1,0,0,0
uThDGzLhOXg,https://www.youtube.com/watch?v=uThDGzLhOXg,2,h264,640 x 360,29.97002997003,1,0,0,0
tt8366502,https://www.youtube.com/watch?v=VYxDD1KyRxY,0,h264,640 x 360,30,1,0,0,0
tt8366502,https://www.youtube.com/watch?v=VYxDD1KyRxY,1,h264,640 x 360,30,1,0,0,0
tt8366502,https://www.youtube.com/watch?v=VYxDD1KyRxY,2,h264,640 x 360,30,0,0,0,0
tt8097306,https://www.youtube.com/watch?v=30957QU9A6k,0,h264,640 x 360,23.975877288817,1,0,0,0
tt8097306,https://www.youtube.com/watch?v=30957QU9A6k,1,h264,640 x 360,23.975877288817,1,0,0,0
tt7734218,https://www.youtube.com/watch?v=idLxrjDjHUU,0,h264,640 x 360,23.976023976024,1,0,1,0
tt7734218,https://www.youtube.com/watch?v=idLxrjDjHUU,1,h264,640 x 360,23.976023976024,1,0,1,0
tt7734218,https://www.youtube.com/watch?v=idLxrjDjHUU,2,h264,640 x 360,23.976023976024,0,0,0,0
tt7319064,https://www.youtube.com/watch?v=Ygwk9tnYp44,0,h264,640 x 360,23.9760904789532,0,0,1,0
tt7319064,https://www.youtube.com/watch?v=Ygwk9tnYp44,1,h264,640 x 360,23.9760904789532,0,0,1,0
tt7256866,https://www.youtube.com/watch?v=FHUqdpTkOdk,0,h264,640 x 360,30,1,0,0,0
tt7256866,https://www.youtube.com/watch?v=FHUqdpTkOdk,1,h264,640 x 360,30,1,1,0,0
tt7256866,https://www.youtube.com/watch?v=FHUqdpTkOdk,2,h264,640 x 360,30,1,1,0,0
tt6516314,https://www.youtube.com/watch?v=Dwl8gW8bSOo,0,h264,640 x 360,23.976023976024,1,0,0,0
tt6516314,https://www.youtube.com/watch?v=Dwl8gW8bSOo,1,h264,640 x 360,23.976023976024,0,0,1,0
tt6516314,https://www.youtube.com/watch?v=Dwl8gW8bSOo,2,h264,640 x 360,23.976023976024,0,0,1,0
tt6251024,https://www.youtube.com/watch?v=IfKhTnK_IBA,0,h264,640 x 360,23.976364178943,0,0,1,0
tt6251024,https://www.youtube.com/watch?v=IfKhTnK_IBA,1,h264,640 x 360,23.976364178943,0,0,1,0
tt5879216,https://www.youtube.com/watch?v=uSmEI4In34A,0,h264,640 x 360,23.976023976024,1,0,1,0
tt5879216,https://www.youtube.com/watch?v=uSmEI4In34A,1,h264,640 x 360,23.976023976024,1,0,0,0
tt5879216,https://www.youtube.com/watch?v=uSmEI4In34A,2,h264,640 x 360,23.976023976024,1,0,0,0
tt5716848,https://www.youtube.com/watch?v=8FshAlpMcvM,0,h264,640 x 360,30,1,0,0,0
tt5716848,https://www.youtube.com/watch?v=8FshAlpMcvM,1,h264,640 x 360,30,1,0,0,0
tt5688932,https://www.youtube.com/watch?v=QdFBAvAYfak,0,h264,640 x 360,24,1,0,0,0
tt5688932,https://www.youtube.com/watch?v=QdFBAvAYfak,1,h264,640 x 360,24,1,0,0,0
tt5688932,https://www.youtube.com/watch?v=QdFBAvAYfak,2,h264,640 x 360,24,1,0,0,0
tt5463162,https://www.imdb.com/videoplayer/vi2984557081,0,h264,854 x 480,29.97002997003,0,0,0,0
tt5162658,https://www.youtube.com/watch?v=dpL-YGK_E68,0,h264,640 x 360,23.9759039392561,1,0,0,0
tt5162658,https://www.youtube.com/watch?v=dpL-YGK_E68,1,h264,640 x 360,23.9759039392561,1,0,0,0
tt5027774,https://www.imdb.com/videoplayer/vi3585980441,0,h264,854 x 480,23.976023976024,0,0,0,0
tt4769836,https://www.youtube.com/watch?v=x059LW-jjc0,0,h264,640 x 360,25,1,0,0,0
tt4769836,https://www.youtube.com/watch?v=x059LW-jjc0,1,h264,640 x 360,25,1,0,0,0
tt4769836,https://www.youtube.com/watch?v=x059LW-jjc0,2,h264,640 x 360,25,0,0,1,0
tt4738776,https://www.youtube.com/watch?v=4RvNAPzfH5g,0,h264,640 x 360,23.9760780711641,1,0,0,0
tt4738776,https://www.youtube.com/watch?v=4RvNAPzfH5g,1,h264,640 x 360,23.9760780711641,1,0,0,0
tt4738776,https://www.youtube.com/watch?v=4RvNAPzfH5g,2,h264,640 x 360,23.9760780711641,1,0,0,0
tt4649466,https://www.imdb.com/videoplayer/vi734968089,0,h264,854 x 480,23.976023976024,0,0,1,0
tt4649466,https://www.imdb.com/videoplayer/vi734968089,1,h264,854 x 480,23.976023976024,0,0,1,0
tt4503510,https://www.youtube.com/watch?v=qtoAsaDXiJg,0,h264,640 x 360,30,1,1,0,0
tt4503510,https://www.youtube.com/watch?v=qtoAsaDXiJg,1,h264,640 x 360,30,1,0,0,0
tt4503510,https://www.youtube.com/watch?v=qtoAsaDXiJg,2,h264,640 x 360,30,0,0,1,0
tt4481514,https://www.imdb.com/videoplayer/vi2541992217,0,h264,854 x 480,23.976023976024,1,0,0,0
tt4481514,https://www.imdb.com/videoplayer/vi2541992217,1,h264,854 x 480,23.976023976024,1,1,0,0
tt4481514,https://www.imdb.com/videoplayer/vi2541992217,2,h264,854 x 480,23.976023976024,0,0,1,0
tt4438848,https://www.imdb.com/videoplayer/vi3561141529,0,h264,854 x 480,23.976023976024,1,0,0,0
tt4438848,https://www.imdb.com/videoplayer/vi3561141529,1,h264,854 x 480,23.976023976024,1,0,0,0
tt4438848,https://www.imdb.com/videoplayer/vi3561141529,2,h264,854 x 480,23.976023976024,1,1,0,0
tt4156972,https://www.youtube.com/watch?v=C0Bi1_jLQAE,0,h264,640 x 360,23.976023976024,1,0,0,0
tt4156972,https://www.youtube.com/watch?v=C0Bi1_jLQAE,1,h264,640 x 360,23.976023976024,0,0,0,0
tt3859304,https://www.imdb.com/videoplayer/vi1005827353,0,h264,854 x 460,23.976023976024,0,0,0,1
tt3859304,https://www.imdb.com/videoplayer/vi1005827353,1,h264,854 x 460,23.976023976024,1,0,0,0
tt3856992,https://www.youtube.com/watch?v=hrYA11-PsWo,0,h264,640 x 360,23.976023976024,1,0,0,0
tt3856992,https://www.youtube.com/watch?v=hrYA11-PsWo,1,h264,640 x 360,23.976023976024,1,0,1,0
tt3844362,https://www.imdb.com/videoplayer/vi248756249,0,h264,854 x 460,23.976023976024,1,0,0,0
tt3844362,https://www.imdb.com/videoplayer/vi248756249,1,h264,854 x 460,23.976023976024,1,0,0,0
tt3844362,https://www.imdb.com/videoplayer/vi248756249,2,h264,854 x 460,23.976023976024,0,0,0,0
tt3564200,https://www.imdb.com/videoplayer/vi1458549529,0,h264,854 x 362,23.976023976024,1,0,1,0
tt3564200,https://www.imdb.com/videoplayer/vi1458549529,1,h264,854 x 362,23.976023976024,1,1,0,0
tt3279176,https://www.imdb.com/videoplayer/vi3062869529,0,h264,852 x 480,23.9762263896081,1,0,0,0
tt3279176,https://www.imdb.com/videoplayer/vi3062869529,1,h264,852 x 480,23.9762263896081,1,0,0,0
tt2980472,https://www.imdb.com/videoplayer/vi4111446297,0,h264,854 x 480,29.97,1,0,0,0
tt2980472,https://www.imdb.com/videoplayer/vi4111446297,1,h264,854 x 480,29.97,1,1,0,0
tt2917484,https://www.youtube.com/watch?v=ghaWbAk5VGo,0,h264,640 x 360,23.976023976024,1,0,1,0
tt2917484,https://www.youtube.com/watch?v=ghaWbAk5VGo,1,h264,640 x 360,23.976023976024,1,0,1,0
tt2784678,https://www.imdb.com/videoplayer/vi6270745,0,h264,852 x 480,29.9701025454749,1,0,0,0
tt2784678,https://www.imdb.com/videoplayer/vi6270745,1,h264,852 x 480,29.9701025454749,1,0,0,0
tt2784678,https://www.imdb.com/videoplayer/vi6270745,2,h264,852 x 480,29.9701025454749,1,0,0,0
tt2718440,https://www.imdb.com/videoplayer/vi847688217,0,h264,854 x 480,23.976023976024,1,0,0,0
tt2718440,https://www.imdb.com/videoplayer/vi847688217,1,h264,854 x 480,23.976023976024,1,0,0,0
tt2718440,https://www.imdb.com/videoplayer/vi847688217,2,h264,854 x 480,23.976023976024,1,0,1,0
tt2713642,https://www.imdb.com/videoplayer/vi2838473753,0,h264,854 x 362,23.976023976024,0,0,1,0
tt2609912,https://www.imdb.com/videoplayer/vi4131759641,0,h264,856 x 480,23.9760823958539,1,0,0,0
tt2609912,https://www.imdb.com/videoplayer/vi4131759641,1,h264,856 x 480,23.9760823958539,1,0,0,1
tt2609912,https://www.imdb.com/videoplayer/vi4131759641,2,h264,856 x 480,23.9760823958539,1,0,0,0
tt2557490,https://www.imdb.com/videoplayer/vi2623188249,0,h264,854 x 480,23.976023976024,1,0,1,0
tt2557490,https://www.imdb.com/videoplayer/vi2623188249,1,h264,854 x 480,23.976023976024,1,0,0,0
tt2557490,https://www.imdb.com/videoplayer/vi2623188249,2,h264,854 x 480,23.976023976024,1,1,0,0
tt2404463,https://www.imdb.com/videoplayer/vi3474040601,0,h264,854 x 480,23.976023976024,1,0,0,1
tt2404463,https://www.imdb.com/videoplayer/vi3474040601,1,h264,854 x 480,23.976023976024,1,1,0,0
tt2404463,https://www.imdb.com/videoplayer/vi3474040601,2,h264,854 x 480,23.976023976024,0,0,0,0
tt2380564,https://www.imdb.com/videoplayer/vi3209145369,0,h264,852 x 480,29.959662353309,1,0,0,0
tt2380564,https://www.imdb.com/videoplayer/vi3209145369,1,h264,852 x 480,29.959662353309,1,0,0,0
tt2380564,https://www.imdb.com/videoplayer/vi3209145369,2,h264,852 x 480,29.959662353309,0,0,0,0
tt2334871,https://www.imdb.com/videoplayer/vi2265626137,0,h264,854 x 480,23.976023976024,1,0,0,1
tt2334871,https://www.imdb.com/videoplayer/vi2265626137,1,h264,854 x 480,23.976023976024,0,0,1,0
tt2334871,https://www.imdb.com/videoplayer/vi2265626137,2,h264,854 x 480,23.976023976024,0,0,0,0
tt2278388,https://www.imdb.com/videoplayer/vi1157933593,0,h264,854 x 480,23.976023976024,0,0,0,0
tt2278388,https://www.imdb.com/videoplayer/vi1157933593,1,h264,854 x 480,23.976023976024,0,1,0,0
tt2278388,https://www.imdb.com/videoplayer/vi1157933593,2,h264,854 x 480,23.976023976024,0,0,0,0
tt2244901,https://www.imdb.com/videoplayer/vi3971000601,0,h264,854 x 480,23.976023976024,1,0,0,0
tt2244901,https://www.imdb.com/videoplayer/vi3971000601,1,h264,854 x 480,23.976023976024,1,0,0,0
tt2244901,https://www.imdb.com/videoplayer/vi3971000601,2,h264,854 x 480,23.976023976024,0,0,0,0
tt2230358,https://www.imdb.com/videoplayer/vi3028461849,0,h264,854 x 480,23.976023976024,0,0,0,0
tt2230358,https://www.imdb.com/videoplayer/vi3028461849,1,h264,854 x 480,23.976023976024,0,0,0,0
tt2179936,https://www.imdb.com/videoplayer/vi2294331929,0,h264,854 x 480,23.976023976024,1,0,0,0
tt2179936,https://www.imdb.com/videoplayer/vi2294331929,1,h264,854 x 480,23.976023976024,0,0,0,0
tt2179116,https://www.imdb.com/videoplayer/vi700687897,0,h264,852 x 480,23.9774143970027,0,0,0,1
tt2179116,https://www.imdb.com/videoplayer/vi700687897,1,h264,852 x 480,23.9774143970027,0,0,0,0
tt2179116,https://www.imdb.com/videoplayer/vi700687897,2,h264,852 x 480,23.9774143970027,0,0,0,0
tt2126362,https://www.imdb.com/videoplayer/vi850109977,0,h264,854 x 480,23.976023976024,1,0,0,0
tt2126362,https://www.imdb.com/videoplayer/vi850109977,1,h264,854 x 480,23.976023976024,0,0,0,0
tt2101441,https://www.imdb.com/videoplayer/vi138913561,0,h264,854 x 480,29.97,1,0,0,0
tt2101441,https://www.imdb.com/videoplayer/vi138913561,1,h264,854 x 480,29.97,1,0,0,0
tt2101441,https://www.imdb.com/videoplayer/vi138913561,2,h264,854 x 480,29.97,0,0,0,0
tt2005164,https://www.imdb.com/videoplayer/vi2446959897,0,h264,854 x 480,29.97002997003,0,0,1,0
tt2005164,https://www.imdb.com/videoplayer/vi2446959897,1,h264,854 x 480,29.97002997003,0,0,1,0
tt2005164,https://www.imdb.com/videoplayer/vi2446959897,2,h264,854 x 480,29.97002997003,0,0,1,0
tt1959563,https://www.youtube.com/watch?v=n9vy7NFKSus,0,h264,640 x 360,23.976023976024,1,0,1,0
tt1959563,https://www.youtube.com/watch?v=n9vy7NFKSus,1,h264,640 x 360,23.976023976024,1,0,1,0
tt1959563,https://www.youtube.com/watch?v=n9vy7NFKSus,2,h264,640 x 360,23.976023976024,0,0,0,0
tt1879032,https://www.imdb.com/videoplayer/vi2533860889,0,h264,852 x 480,23.9762857994957,1,0,0,0
tt1879032,https://www.imdb.com/videoplayer/vi2533860889,1,h264,852 x 480,23.9762857994957,0,0,1,0
tt1860213,https://www.imdb.com/videoplayer/vi1755362585,0,h264,854 x 480,23.976023976024,1,0,0,0
tt1860213,https://www.imdb.com/videoplayer/vi1755362585,1,h264,854 x 480,23.976023976024,0,0,0,0
tt1758795,https://www.imdb.com/videoplayer/vi2857805337,0,h264,854 x 480,23.976023976024,1,0,0,0
tt1758795,https://www.imdb.com/videoplayer/vi2857805337,1,h264,854 x 480,23.976023976024,1,0,0,0
tt1758795,https://www.imdb.com/videoplayer/vi2857805337,2,h264,854 x 480,23.976023976024,1,0,0,0
tt1714203,https://www.imdb.com/videoplayer/vi1902617369,0,h264,854 x 480,23.976023976024,1,0,0,0
tt1714203,https://www.imdb.com/videoplayer/vi1902617369,1,h264,854 x 480,23.976023976024,0,0,0,0
tt1714203,https://www.imdb.com/videoplayer/vi1902617369,2,h264,854 x 480,23.976023976024,0,0,0,0
tt1637725,https://www.imdb.com/videoplayer/vi3048383257,0,h264,854 x 480,23.976023976024,0,0,0,0
tt1637725,https://www.imdb.com/videoplayer/vi3048383257,1,h264,854 x 480,23.976023976024,1,0,0,0
tt1637725,https://www.imdb.com/videoplayer/vi3048383257,2,h264,854 x 480,23.976023976024,0,1,0,0
tt1605630,https://www.imdb.com/videoplayer/vi3984040217,0,h264,854 x 480,23.976023976024,1,0,0,0
tt1605630,https://www.imdb.com/videoplayer/vi3984040217,1,h264,854 x 480,23.976023976024,1,0,0,0
tt1605630,https://www.imdb.com/videoplayer/vi3984040217,2,h264,854 x 480,23.976023976024,0,0,0,0
tt1524930,https://www.youtube.com/watch?v=ScMOyURq9os,0,h264,640 x 360,23.976023976024,1,0,0,0
tt1524930,https://www.youtube.com/watch?v=ScMOyURq9os,1,h264,640 x 360,23.976023976024,0,0,0,0
tt1524930,https://www.youtube.com/watch?v=ScMOyURq9os,2,h264,640 x 360,23.976023976024,0,1,0,0
tt1478338,https://www.imdb.com/videoplayer/vi657366297,0,h264,854 x 362,29.97,1,0,0,1
tt1478338,https://www.imdb.com/videoplayer/vi657366297,1,h264,854 x 362,29.97,1,0,0,0
tt1478338,https://www.imdb.com/videoplayer/vi657366297,2,h264,854 x 362,29.97,0,0,0,0
tt1448755,https://www.imdb.com/videoplayer/vi70294553,0,h264,854 x 362,23.976023976024,0,0,0,0
tt1448755,https://www.imdb.com/videoplayer/vi70294553,1,h264,854 x 362,23.976023976024,0,0,0,0
tt1431045,https://www.imdb.com/videoplayer/vi567457049,0,h264,854 x 480,23.976023976024,0,0,0,1
tt1431045,https://www.imdb.com/videoplayer/vi567457049,1,h264,854 x 480,23.976023976024,1,0,1,0
tt1431045,https://www.imdb.com/videoplayer/vi567457049,2,h264,854 x 480,23.976023976024,1,0,1,0
tt1349482,https://www.youtube.com/watch?v=pvrv8WVqGD8,0,h264,490 x 360,29.97002997003,0,0,0,1
tt1349482,https://www.youtube.com/watch?v=pvrv8WVqGD8,1,h264,490 x 360,29.97002997003,0,0,0,0
tt1240982,https://www.imdb.com/videoplayer/vi282369305,0,h264,704 x 300,29.97,1,0,0,0
tt1240982,https://www.imdb.com/videoplayer/vi282369305,1,h264,704 x 300,29.97,1,0,0,0
tt1232829,https://www.imdb.com/videoplayer/vi1681366553,0,h264,854 x 480,23.976023976024,1,0,0,0
tt1232829,https://www.imdb.com/videoplayer/vi1681366553,1,h264,854 x 480,23.976023976024,1,0,0,0
tt1232829,https://www.imdb.com/videoplayer/vi1681366553,2,h264,854 x 480,23.976023976024,0,0,0,0
tt1220617,https://www.youtube.com/watch?v=rxJGQyddD_A,0,h264,640 x 360,23.9759403496462,1,0,0,0
tt1220617,https://www.youtube.com/watch?v=rxJGQyddD_A,1,h264,640 x 360,23.9759403496462,1,0,0,0
tt1220617,https://www.youtube.com/watch?v=rxJGQyddD_A,2,h264,640 x 360,23.9759403496462,1,0,0,0
tt1205558,https://www.imdb.com/videoplayer/vi4083458841,0,h264,854 x 480,23.976023976024,0,0,0,0
tt1205558,https://www.imdb.com/videoplayer/vi4083458841,1,h264,854 x 480,23.976023976024,0,0,1,0
tt1205558,https://www.imdb.com/videoplayer/vi4083458841,2,h264,854 x 480,23.976023976024,0,0,0,0
tt1156398,https://www.imdb.com/videoplayer/vi17999641,0,h264,854 x 480,23.976023976024,0,0,1,0
tt1156398,https://www.imdb.com/videoplayer/vi17999641,1,h264,854 x 480,23.976023976024,0,0,1,0
tt1156398,https://www.imdb.com/videoplayer/vi17999641,2,h264,854 x 480,23.976023976024,0,0,0,0
tt1135985,https://www.imdb.com/videoplayer/vi3200385305,0,h264,640 x 360,23.976023976024,1,0,0,0
tt1135985,https://www.imdb.com/videoplayer/vi3200385305,1,h264,640 x 360,23.976023976024,0,1,0,0
tt1135985,https://www.imdb.com/videoplayer/vi3200385305,2,h264,640 x 360,23.976023976024,0,1,0,0
tt0995039,https://www.imdb.com/videoplayer/vi3501196057,0,h264,480 x 270,23.976023976024,0,0,0,1
tt0810922,https://www.imdb.com/videoplayer/vi2097977881,0,h264,854 x 480,23.976023976024,0,0,0,0
tt0493405,https://www.youtube.com/watch?v=XiDPT1yCJ8Y,0,h264,640 x 360,23.976023976024,1,0,1,0
tt0493405,https://www.youtube.com/watch?v=XiDPT1yCJ8Y,1,h264,640 x 360,23.976023976024,1,0,0,0
tt0493405,https://www.youtube.com/watch?v=XiDPT1yCJ8Y,2,h264,640 x 360,23.976023976024,1,0,0,0
tt0480687,https://www.imdb.com/videoplayer/vi811440665,0,h264,854 x 354,24.0000974623247,1,0,0,0
tt0480687,https://www.imdb.com/videoplayer/vi811440665,1,h264,854 x 354,24.0000974623247,1,0,0,0
tt0480687,https://www.imdb.com/videoplayer/vi811440665,2,h264,854 x 354,24.0000974623247,1,0,0,0
tt0398839,https://www.imdb.com/videoplayer/vi4242866457,0,h264,640 x 480,29.97002997003,1,0,0,0
tt0398839,https://www.imdb.com/videoplayer/vi4242866457,1,h264,640 x 480,29.97002997003,1,0,0,0
tt0368343,https://www.imdb.com/videoplayer/vi3987931417,0,h264,640 x 480,29.97002997003,1,0,0,0
tt0368343,https://www.imdb.com/videoplayer/vi3987931417,1,h264,640 x 480,29.97002997003,0,0,0,0
tt0287969,https://www.imdb.com/videoplayer/vi817824025,0,h264,640 x 480,29.97002997003,0,0,0,0
tt0287969,https://www.imdb.com/videoplayer/vi817824025,1,h264,640 x 480,29.97002997003,1,0,0,0
tt0287969,https://www.imdb.com/videoplayer/vi817824025,2,h264,640 x 480,29.97002997003,1,0,0,0
tt0117951,https://www.imdb.com/videoplayer/vi2148899865,0,h264,640 x 480,29.97002997003,1,0,0,0
tt0117951,https://www.imdb.com/videoplayer/vi2148899865,1,h264,640 x 480,29.97002997003,0,0,0,0
tt0066344,https://www.youtube.com/watch?v=VZ3lr3urgDU,0,h264,640 x 266,23.9760368777664,0,0,0,0
tt0066344,https://www.youtube.com/watch?v=VZ3lr3urgDU,1,h264,640 x 266,23.9760368777664,0,1,0,0
tt0066344,https://www.youtube.com/watch?v=VZ3lr3urgDU,2,h264,640 x 266,23.9760368777664,0,0,0,0
tMAwr-m4f3A,https://www.youtube.com/watch?v=tMAwr-m4f3A,0,h264,640 x 360,29.9700458314973,0,0,1,0
tMAwr-m4f3A,https://www.youtube.com/watch?v=tMAwr-m4f3A,1,h264,640 x 360,29.9700458314973,0,0,1,0
tMAwr-m4f3A,https://www.youtube.com/watch?v=tMAwr-m4f3A,2,h264,640 x 360,29.9700458314973,0,0,1,0
sRaF4gk1yhY,https://www.youtube.com/watch?v=sRaF4gk1yhY,0,h264,320 x 214,29.97002997003,0,1,0,0
sRaF4gk1yhY,https://www.youtube.com/watch?v=sRaF4gk1yhY,1,h264,320 x 214,29.97002997003,0,1,0,0
sRaF4gk1yhY,https://www.youtube.com/watch?v=sRaF4gk1yhY,2,h264,320 x 214,29.97002997003,0,1,0,0
rvgYBbc6vYk,https://www.youtube.com/watch?v=rvgYBbc6vYk,0,h264,640 x 360,25,1,0,0,0
rvgYBbc6vYk,https://www.youtube.com/watch?v=rvgYBbc6vYk,1,h264,640 x 360,25,1,0,0,0
rvgYBbc6vYk,https://www.youtube.com/watch?v=rvgYBbc6vYk,2,h264,640 x 360,25,1,0,0,0
rqtN279OoX8,https://www.youtube.com/watch?v=rqtN279OoX8,0,h264,640 x 360,29.97002997003,0,0,1,0
rqtN279OoX8,https://www.youtube.com/watch?v=rqtN279OoX8,1,h264,640 x 360,29.97002997003,0,0,1,0
rqtN279OoX8,https://www.youtube.com/watch?v=rqtN279OoX8,2,h264,640 x 360,29.97002997003,0,0,0,0
Rq1QAEyVK2w,https://www.youtube.com/watch?v=Rq1QAEyVK2w,0,h264,640 x 360,29.9700012505468,0,1,0,0
Rq1QAEyVK2w,https://www.youtube.com/watch?v=Rq1QAEyVK2w,1,h264,640 x 360,29.9700012505468,0,1,0,0
Rq1QAEyVK2w,https://www.youtube.com/watch?v=Rq1QAEyVK2w,2,h264,640 x 360,29.9700012505468,0,1,0,0
ro2x8gd2v-M,https://www.youtube.com/watch?v=ro2x8gd2v-M,0,h264,640 x 360,23.976023976024,0,0,1,0
ro2x8gd2v-M,https://www.youtube.com/watch?v=ro2x8gd2v-M,1,h264,640 x 360,23.976023976024,1,0,1,0
ro2x8gd2v-M,https://www.youtube.com/watch?v=ro2x8gd2v-M,2,h264,640 x 360,23.976023976024,1,0,1,0
QwcjToDEsUY,https://www.youtube.com/watch?v=QwcjToDEsUY,0,h264,640 x 360,23.976023976024,0,0,0,0
QwcjToDEsUY,https://www.youtube.com/watch?v=QwcjToDEsUY,1,h264,640 x 360,23.976023976024,0,0,0,0
QwcjToDEsUY,https://www.youtube.com/watch?v=QwcjToDEsUY,2,h264,640 x 360,23.976023976024,0,0,0,0
qr7onP8c8q8,https://www.youtube.com/watch?v=qr7onP8c8q8,0,h264,640 x 360,29.97002997003,0,0,0,0
qr7onP8c8q8,https://www.youtube.com/watch?v=qr7onP8c8q8,1,h264,640 x 360,29.97002997003,0,1,0,0
qr7onP8c8q8,https://www.youtube.com/watch?v=qr7onP8c8q8,2,h264,640 x 360,29.97002997003,0,1,0,0
psEHAKzMIvs,https://www.youtube.com/watch?v=psEHAKzMIvs,0,h264,640 x 360,29.9700068443347,0,0,0,0
psEHAKzMIvs,https://www.youtube.com/watch?v=psEHAKzMIvs,1,h264,640 x 360,29.9700068443347,0,0,0,0
psEHAKzMIvs,https://www.youtube.com/watch?v=psEHAKzMIvs,2,h264,640 x 360,29.9700068443347,0,0,0,0
p3Co2OLO_eg,https://www.youtube.com/watch?v=p3Co2OLO_eg,0,h264,640 x 360,29.97002997003,0,0,0,0
p3Co2OLO_eg,https://www.youtube.com/watch?v=p3Co2OLO_eg,1,h264,640 x 360,29.97002997003,0,0,0,1
p3Co2OLO_eg,https://www.youtube.com/watch?v=p3Co2OLO_eg,2,h264,640 x 360,29.97002997003,1,0,0,0
M2F7L2WBuKs,https://www.youtube.com/watch?v=M2F7L2WBuKs,0,h264,640 x 360,23.976023976024,0,0,1,0
M2F7L2WBuKs,https://www.youtube.com/watch?v=M2F7L2WBuKs,1,h264,640 x 360,23.976023976024,0,0,1,0
M2F7L2WBuKs,https://www.youtube.com/watch?v=M2F7L2WBuKs,2,h264,640 x 360,23.976023976024,1,0,1,0
laqIl3LniQE,https://www.youtube.com/watch?v=laqIl3LniQE,0,h264,640 x 360,25,0,1,0,0
laqIl3LniQE,https://www.youtube.com/watch?v=laqIl3LniQE,1,h264,640 x 360,25,0,1,0,0
laqIl3LniQE,https://www.youtube.com/watch?v=laqIl3LniQE,2,h264,640 x 360,25,0,1,0,0
kltbeJ-tJrY,https://www.youtube.com/watch?v=kltbeJ-tJrY,0,h264,640 x 360,25,0,1,0,0
kltbeJ-tJrY,https://www.youtube.com/watch?v=kltbeJ-tJrY,1,h264,640 x 360,25,0,1,0,0
kltbeJ-tJrY,https://www.youtube.com/watch?v=kltbeJ-tJrY,2,h264,640 x 360,25,0,1,0,0
kCppUtS9vLk,https://www.youtube.com/watch?v=kCppUtS9vLk,0,h264,640 x 360,25,0,0,1,0
kCppUtS9vLk,https://www.youtube.com/watch?v=kCppUtS9vLk,1,h264,640 x 360,25,0,0,1,0
IUbn5ss8j9c,https://www.youtube.com/watch?v=IUbn5ss8j9c,0,h264,640 x 360,23.9760574821666,0,1,0,0
IUbn5ss8j9c,https://www.youtube.com/watch?v=IUbn5ss8j9c,1,h264,640 x 360,23.9760574821666,1,1,0,0
IUbn5ss8j9c,https://www.youtube.com/watch?v=IUbn5ss8j9c,2,h264,640 x 360,23.9760574821666,0,1,0,0
I-SFA5Xs0s8,https://www.youtube.com/watch?v=I-SFA5Xs0s8,0,h264,640 x 360,29.97002997003,0,0,0,1
I-SFA5Xs0s8,https://www.youtube.com/watch?v=I-SFA5Xs0s8,1,h264,640 x 360,29.97002997003,0,0,0,1
I-SFA5Xs0s8,https://www.youtube.com/watch?v=I-SFA5Xs0s8,2,h264,640 x 360,29.97002997003,0,0,0,1
IKQJZ93DhV8,https://www.youtube.com/watch?v=IKQJZ93DhV8,0,h264,640 x 360,29.9700156010927,0,1,0,0
IKQJZ93DhV8,https://www.youtube.com/watch?v=IKQJZ93DhV8,1,h264,640 x 360,29.9700156010927,0,1,0,0
IKQJZ93DhV8,https://www.youtube.com/watch?v=IKQJZ93DhV8,2,h264,640 x 360,29.9700156010927,0,1,0,0
hMKDu1LESQA,https://www.youtube.com/watch?v=hMKDu1LESQA,0,h264,640 x 360,29.9700556056858,0,0,0,1
hMKDu1LESQA,https://www.youtube.com/watch?v=hMKDu1LESQA,1,h264,640 x 360,29.9700556056858,0,0,0,1
hMKDu1LESQA,https://www.youtube.com/watch?v=hMKDu1LESQA,2,h264,640 x 360,29.9700556056858,0,0,0,1
h3Fxl9GMjZI,https://www.youtube.com/watch?v=h3Fxl9GMjZI,0,h264,640 x 360,30,0,0,1,0
Goq-yLTafws,https://www.youtube.com/watch?v=Goq-yLTafws,0,h264,640 x 360,23.9758659123592,0,1,0,0
Goq-yLTafws,https://www.youtube.com/watch?v=Goq-yLTafws,1,h264,640 x 360,23.9758659123592,0,1,0,0
gGTRdpW8oZA,https://www.youtube.com/watch?v=gGTRdpW8oZA,0,h264,640 x 360,29,0,0,0,0
gGTRdpW8oZA,https://www.youtube.com/watch?v=gGTRdpW8oZA,1,h264,640 x 360,29,0,0,1,0
gGTRdpW8oZA,https://www.youtube.com/watch?v=gGTRdpW8oZA,2,h264,640 x 360,29,0,0,0,0
FLOYmmFAsYI,https://www.youtube.com/watch?v=FLOYmmFAsYI,0,h264,640 x 360,24,1,0,0,1
FLOYmmFAsYI,https://www.youtube.com/watch?v=FLOYmmFAsYI,1,h264,640 x 360,24,0,0,0,1
FLOYmmFAsYI,https://www.youtube.com/watch?v=FLOYmmFAsYI,2,h264,640 x 360,24,0,0,0,0
FIGL4eaks20,https://www.youtube.com/watch?v=FIGL4eaks20,0,h264,640 x 360,29.9700138769242,0,0,0,1
FIGL4eaks20,https://www.youtube.com/watch?v=FIGL4eaks20,1,h264,640 x 360,29.9700138769242,0,0,0,1
FIGL4eaks20,https://www.youtube.com/watch?v=FIGL4eaks20,2,h264,640 x 360,29.9700138769242,0,1,0,1
era18XunpLc,https://www.youtube.com/watch?v=era18XunpLc,0,h264,640 x 360,29.9700462684002,0,1,0,0
era18XunpLc,https://www.youtube.com/watch?v=era18XunpLc,1,h264,640 x 360,29.9700462684002,0,1,0,0
era18XunpLc,https://www.youtube.com/watch?v=era18XunpLc,2,h264,640 x 360,29.9700462684002,0,0,0,0
EOAQuBtfNlc,https://www.youtube.com/watch?v=EOAQuBtfNlc,0,h264,640 x 360,23.976023976024,0,0,1,1
EOAQuBtfNlc,https://www.youtube.com/watch?v=EOAQuBtfNlc,1,h264,640 x 360,23.976023976024,1,0,1,0
EOAQuBtfNlc,https://www.youtube.com/watch?v=EOAQuBtfNlc,2,h264,640 x 360,23.976023976024,1,0,1,0
EbcfiIeH63M,https://www.youtube.com/watch?v=EbcfiIeH63M,0,h264,640 x 360,29.97002997003,0,0,0,1
EbcfiIeH63M,https://www.youtube.com/watch?v=EbcfiIeH63M,1,h264,640 x 360,29.97002997003,0,0,0,1
EbcfiIeH63M,https://www.youtube.com/watch?v=EbcfiIeH63M,2,h264,640 x 360,29.97002997003,0,0,0,1
ccIr0atau7M,https://www.youtube.com/watch?v=ccIr0atau7M,0,h264,640 x 360,23.976023976024,0,0,0,0
ccIr0atau7M,https://www.youtube.com/watch?v=ccIr0atau7M,1,h264,640 x 360,23.976023976024,0,1,0,0
ccIr0atau7M,https://www.youtube.com/watch?v=ccIr0atau7M,2,h264,640 x 360,23.976023976024,0,1,0,0
BtMd6PbscwE,https://www.youtube.com/watch?v=BtMd6PbscwE,0,h264,640 x 360,29.97002997003,1,0,0,1
BtMd6PbscwE,https://www.youtube.com/watch?v=BtMd6PbscwE,1,h264,640 x 360,29.97002997003,0,0,0,1
BtMd6PbscwE,https://www.youtube.com/watch?v=BtMd6PbscwE,2,h264,640 x 360,29.97002997003,1,0,0,0
aBbzgUTWE6w,https://www.youtube.com/watch?v=aBbzgUTWE6w,0,h264,480 x 360,25,0,0,0,0
aBbzgUTWE6w,https://www.youtube.com/watch?v=aBbzgUTWE6w,1,h264,480 x 360,25,0,1,0,0
aBbzgUTWE6w,https://www.youtube.com/watch?v=aBbzgUTWE6w,2,h264,480 x 360,25,0,1,0,0
A0641hHG1IQ,https://www.youtube.com/watch?v=A0641hHG1IQ,0,h264,640 x 360,23.976023976024,0,0,0,0
A0641hHG1IQ,https://www.youtube.com/watch?v=A0641hHG1IQ,1,h264,640 x 360,23.976023976024,0,0,0,0
A0641hHG1IQ,https://www.youtube.com/watch?v=A0641hHG1IQ,2,h264,640 x 360,23.976023976024,0,0,0,0
49iNyQvMgy0,https://www.youtube.com/watch?v=49iNyQvMgy0,0,h264,640 x 360,29.9701182197196,0,0,1,0
49iNyQvMgy0,https://www.youtube.com/watch?v=49iNyQvMgy0,1,h264,640 x 360,29.9701182197196,0,0,1,0
49iNyQvMgy0,https://www.youtube.com/watch?v=49iNyQvMgy0,2,h264,640 x 360,29.9701182197196,1,0,0,0
5ixoqCecD6Y,https://www.youtube.com/watch?v=5ixoqCecD6Y,0,h264,640 x 360,24,0,0,1,0
5ixoqCecD6Y,https://www.youtube.com/watch?v=5ixoqCecD6Y,1,h264,640 x 360,24,0,0,1,1
5ixoqCecD6Y,https://www.youtube.com/watch?v=5ixoqCecD6Y,2,h264,640 x 360,24,0,0,1,0
ZsWPgEpfafM,https://www.youtube.com/watch?v=ZsWPgEpfafM,0,h264,640 x 360,23.9759977200134,0,1,0,0
ZsWPgEpfafM,https://www.youtube.com/watch?v=ZsWPgEpfafM,1,h264,640 x 360,23.9759977200134,0,0,0,0
ZsWPgEpfafM,https://www.youtube.com/watch?v=ZsWPgEpfafM,2,h264,640 x 360,23.9759977200134,0,0,0,0
ZqEsUqI4YD8,https://www.youtube.com/watch?v=ZqEsUqI4YD8,0,h264,480 x 360,29.9700937176955,1,0,0,1
ZqEsUqI4YD8,https://www.youtube.com/watch?v=ZqEsUqI4YD8,1,h264,480 x 360,29.9700937176955,1,0,0,0
ZqEsUqI4YD8,https://www.youtube.com/watch?v=ZqEsUqI4YD8,2,h264,480 x 360,29.9700937176955,1,0,0,0
zNjO6arjuAc,https://www.youtube.com/watch?v=zNjO6arjuAc,0,h264,640 x 360,29.97002997003,0,0,0,0
zNjO6arjuAc,https://www.youtube.com/watch?v=zNjO6arjuAc,1,h264,640 x 360,29.97002997003,0,0,0,0
zNjO6arjuAc,https://www.youtube.com/watch?v=zNjO6arjuAc,2,h264,640 x 360,29.97002997003,0,0,0,0
Z9QTS4doveY,https://www.youtube.com/watch?v=Z9QTS4doveY,0,h264,480 x 360,30,0,0,0,0
Z9QTS4doveY,https://www.youtube.com/watch?v=Z9QTS4doveY,1,h264,480 x 360,30,0,0,0,0
z0hrMg1j_d4,https://www.youtube.com/watch?v=z0hrMg1j_d4,0,h264,640 x 360,29.97002997003,0,0,0,1
z0hrMg1j_d4,https://www.youtube.com/watch?v=z0hrMg1j_d4,1,h264,640 x 360,29.97002997003,0,0,0,1
z0hrMg1j_d4,https://www.youtube.com/watch?v=z0hrMg1j_d4,2,h264,640 x 360,29.97002997003,0,0,0,1
YT127qw8eQQ,https://www.youtube.com/watch?v=YT127qw8eQQ,0,h264,640 x 360,23.976023976024,0,0,0,1
YT127qw8eQQ,https://www.youtube.com/watch?v=YT127qw8eQQ,1,h264,640 x 360,23.976023976024,1,0,0,0
YT127qw8eQQ,https://www.youtube.com/watch?v=YT127qw8eQQ,2,h264,640 x 360,23.976023976024,0,0,0,0
yqulWPljawo,https://www.youtube.com/watch?v=yqulWPljawo,0,h264,640 x 360,29.9700270715649,0,0,0,0
yqulWPljawo,https://www.youtube.com/watch?v=yqulWPljawo,1,h264,640 x 360,29.9700270715649,0,0,0,0
yqulWPljawo,https://www.youtube.com/watch?v=yqulWPljawo,2,h264,640 x 360,29.9700270715649,0,0,0,1
yoA8KNDyIwU,https://www.youtube.com/watch?v=yoA8KNDyIwU,0,h264,480 x 360,30,0,0,0,1
yoA8KNDyIwU,https://www.youtube.com/watch?v=yoA8KNDyIwU,1,h264,480 x 360,30,0,0,0,1
yoA8KNDyIwU,https://www.youtube.com/watch?v=yoA8KNDyIwU,2,h264,480 x 360,30,0,0,0,1
Ym1NLvmcl0k,https://www.youtube.com/watch?v=Ym1NLvmcl0k,0,h264,640 x 360,29.97002997003,0,0,0,1
Ym1NLvmcl0k,https://www.youtube.com/watch?v=Ym1NLvmcl0k,1,h264,640 x 360,29.97002997003,0,0,0,1
Ym1NLvmcl0k,https://www.youtube.com/watch?v=Ym1NLvmcl0k,2,h264,640 x 360,29.97002997003,0,0,0,1
YLuZjpxmsZQ,https://www.youtube.com/watch?v=YLuZjpxmsZQ,0,h264,480 x 360,25,1,0,0,1
YLuZjpxmsZQ,https://www.youtube.com/watch?v=YLuZjpxmsZQ,1,h264,480 x 360,25,1,0,0,1
YLuZjpxmsZQ,https://www.youtube.com/watch?v=YLuZjpxmsZQ,2,h264,480 x 360,25,1,0,0,1
YlhxwPxssYQ,https://www.youtube.com/watch?v=YlhxwPxssYQ,0,h264,640 x 360,29.97002997003,0,0,0,0
YlhxwPxssYQ,https://www.youtube.com/watch?v=YlhxwPxssYQ,1,h264,640 x 360,29.97002997003,0,0,0,0
YlhxwPxssYQ,https://www.youtube.com/watch?v=YlhxwPxssYQ,2,h264,640 x 360,29.97002997003,0,0,0,0
YHTmnGKdmAo,https://www.youtube.com/watch?v=YHTmnGKdmAo,0,h264,640 x 360,25,1,0,0,0
YHTmnGKdmAo,https://www.youtube.com/watch?v=YHTmnGKdmAo,1,h264,640 x 360,25,1,0,0,0
YHTmnGKdmAo,https://www.youtube.com/watch?v=YHTmnGKdmAo,2,h264,640 x 360,25,0,0,0,0
y8cIJ7w4eJ8,https://www.youtube.com/watch?v=y8cIJ7w4eJ8,0,h264,640 x 360,29.9700036779873,0,0,0,0
y8cIJ7w4eJ8,https://www.youtube.com/watch?v=y8cIJ7w4eJ8,1,h264,640 x 360,29.9700036779873,0,0,0,0
y8cIJ7w4eJ8,https://www.youtube.com/watch?v=y8cIJ7w4eJ8,2,h264,640 x 360,29.9700036779873,0,0,0,0
XZVHmRvfDHM,https://www.youtube.com/watch?v=XZVHmRvfDHM,0,h264,640 x 360,23.976023976024,0,0,0,1
XZVHmRvfDHM,https://www.youtube.com/watch?v=XZVHmRvfDHM,1,h264,640 x 360,23.976023976024,0,0,0,0
XZVHmRvfDHM,https://www.youtube.com/watch?v=XZVHmRvfDHM,2,h264,640 x 360,23.976023976024,0,0,0,0
XyKegi4c7ig,https://www.youtube.com/watch?v=XyKegi4c7ig,0,h264,640 x 360,29.97002997003,0,0,0,0
XyKegi4c7ig,https://www.youtube.com/watch?v=XyKegi4c7ig,1,h264,640 x 360,29.97002997003,0,0,0,0
XyKegi4c7ig,https://www.youtube.com/watch?v=XyKegi4c7ig,2,h264,640 x 360,29.97002997003,0,0,0,0
Xw9bca0Kjpo,https://www.youtube.com/watch?v=Xw9bca0Kjpo,0,h264,640 x 360,29.97002997003,1,0,0,1
Xw9bca0Kjpo,https://www.youtube.com/watch?v=Xw9bca0Kjpo,1,h264,640 x 360,29.97002997003,1,0,0,0
Xw9bca0Kjpo,https://www.youtube.com/watch?v=Xw9bca0Kjpo,2,h264,640 x 360,29.97002997003,0,0,0,1
XSol1q4zklg,https://www.youtube.com/watch?v=XSol1q4zklg,0,h264,640 x 360,23.976023976024,0,0,0,1
XSol1q4zklg,https://www.youtube.com/watch?v=XSol1q4zklg,1,h264,640 x 360,23.976023976024,0,0,0,1
XSol1q4zklg,https://www.youtube.com/watch?v=XSol1q4zklg,2,h264,640 x 360,23.976023976024,0,0,0,1
xObv_BmYmhg,https://www.youtube.com/watch?v=xObv_BmYmhg,0,h264,640 x 360,29.97002997003,0,0,0,0
xObv_BmYmhg,https://www.youtube.com/watch?v=xObv_BmYmhg,1,h264,640 x 360,29.97002997003,0,0,0,0
xObv_BmYmhg,https://www.youtube.com/watch?v=xObv_BmYmhg,2,h264,640 x 360,29.97002997003,0,0,0,0
XKlschbwL1c,https://www.youtube.com/watch?v=XKlschbwL1c,0,h264,640 x 344,29.8470179283604,0,0,0,0
XKlschbwL1c,https://www.youtube.com/watch?v=XKlschbwL1c,1,h264,640 x 344,29.8470179283604,0,0,0,1
XKlschbwL1c,https://www.youtube.com/watch?v=XKlschbwL1c,2,h264,640 x 344,29.8470179283604,0,0,0,0
xjCElooEE3o,https://www.youtube.com/watch?v=xjCElooEE3o,0,h264,640 x 360,29.97002997003,0,0,0,0
xjCElooEE3o,https://www.youtube.com/watch?v=xjCElooEE3o,1,h264,640 x 360,29.97002997003,0,0,0,0
xjCElooEE3o,https://www.youtube.com/watch?v=xjCElooEE3o,2,h264,640 x 360,29.97002997003,0,0,0,1
xHcPhdZBngw,https://www.youtube.com/watch?v=xHcPhdZBngw,0,h264,640 x 360,23.976023976024,0,0,0,0
xHcPhdZBngw,https://www.youtube.com/watch?v=xHcPhdZBngw,1,h264,640 x 360,23.976023976024,0,0,0,0
xHcPhdZBngw,https://www.youtube.com/watch?v=xHcPhdZBngw,2,h264,640 x 360,23.976023976024,0,0,0,0
XfOrJp8bKbE,https://www.youtube.com/watch?v=XfOrJp8bKbE,0,h264,640 x 360,29.97002997003,0,0,0,0
XfOrJp8bKbE,https://www.youtube.com/watch?v=XfOrJp8bKbE,1,h264,640 x 360,29.97002997003,1,0,0,0
XfOrJp8bKbE,https://www.youtube.com/watch?v=XfOrJp8bKbE,2,h264,640 x 360,29.97002997003,0,0,0,0
xbEpWP5aWpA,https://www.youtube.com/watch?v=xbEpWP5aWpA,0,h264,480 x 360,30,0,0,0,0
xbEpWP5aWpA,https://www.youtube.com/watch?v=xbEpWP5aWpA,1,h264,480 x 360,30,0,0,0,0
Xb1P5uHrIuU,https://www.youtube.com/watch?v=Xb1P5uHrIuU,0,h264,640 x 360,23.976023976024,1,0,0,1
Xb1P5uHrIuU,https://www.youtube.com/watch?v=Xb1P5uHrIuU,1,h264,640 x 360,23.976023976024,0,0,0,0
Xb1P5uHrIuU,https://www.youtube.com/watch?v=Xb1P5uHrIuU,2,h264,640 x 360,23.976023976024,1,0,0,0
wzZPNpL0FqQ,https://www.youtube.com/watch?v=wzZPNpL0FqQ,0,h264,640 x 360,29.9699998832973,0,0,0,0
wzZPNpL0FqQ,https://www.youtube.com/watch?v=wzZPNpL0FqQ,1,h264,640 x 360,29.9699998832973,0,0,0,0
wzZPNpL0FqQ,https://www.youtube.com/watch?v=wzZPNpL0FqQ,2,h264,640 x 360,29.9699998832973,0,0,0,0
WzSJ9QRmV_Q,https://www.youtube.com/watch?v=WzSJ9QRmV_Q,0,h264,640 x 360,30,1,0,1,0
WzSJ9QRmV_Q,https://www.youtube.com/watch?v=WzSJ9QRmV_Q,1,h264,640 x 360,30,1,0,0,0
WzSJ9QRmV_Q,https://www.youtube.com/watch?v=WzSJ9QRmV_Q,2,h264,640 x 360,30,0,0,0,0
wxmmya8_fKw,https://www.youtube.com/watch?v=wxmmya8_fKw,0,h264,640 x 360,23.976023976024,0,0,0,0
wxmmya8_fKw,https://www.youtube.com/watch?v=wxmmya8_fKw,1,h264,640 x 360,23.976023976024,0,0,0,1
wxmmya8_fKw,https://www.youtube.com/watch?v=wxmmya8_fKw,2,h264,640 x 360,23.976023976024,0,0,0,0
WmIS_icNcLk,https://www.youtube.com/watch?v=WmIS_icNcLk,0,h264,640 x 360,29.9701357559371,0,0,0,0
WmIS_icNcLk,https://www.youtube.com/watch?v=WmIS_icNcLk,1,h264,640 x 360,29.9701357559371,0,0,0,0
WmIS_icNcLk,https://www.youtube.com/watch?v=WmIS_icNcLk,2,h264,640 x 360,29.9701357559371,0,0,0,0
Wie-JIZW-Ew,https://www.youtube.com/watch?v=Wie-JIZW-Ew,0,h264,640 x 360,29.97002997003,0,0,0,1
Wie-JIZW-Ew,https://www.youtube.com/watch?v=Wie-JIZW-Ew,1,h264,640 x 360,29.97002997003,0,0,0,1
Wie-JIZW-Ew,https://www.youtube.com/watch?v=Wie-JIZW-Ew,2,h264,640 x 360,29.97002997003,0,0,0,1
whgVLNC5KSY,https://www.youtube.com/watch?v=whgVLNC5KSY,0,h264,480 x 360,30,0,0,0,0
whgVLNC5KSY,https://www.youtube.com/watch?v=whgVLNC5KSY,1,h264,480 x 360,30,0,0,0,1
whgVLNC5KSY,https://www.youtube.com/watch?v=whgVLNC5KSY,2,h264,480 x 360,30,0,0,0,1
WDujTXiLuaw,https://www.youtube.com/watch?v=WDujTXiLuaw,0,h264,640 x 360,29.9700774270986,0,1,0,0
WDujTXiLuaw,https://www.youtube.com/watch?v=WDujTXiLuaw,1,h264,640 x 360,29.9700774270986,0,0,0,0
WDujTXiLuaw,https://www.youtube.com/watch?v=WDujTXiLuaw,2,h264,640 x 360,29.9700774270986,0,0,0,0
wAQrhM7pOjk,https://www.youtube.com/watch?v=wAQrhM7pOjk,0,h264,640 x 360,30,0,0,0,0
wAQrhM7pOjk,https://www.youtube.com/watch?v=wAQrhM7pOjk,1,h264,640 x 360,30,1,0,0,0
wAQrhM7pOjk,https://www.youtube.com/watch?v=wAQrhM7pOjk,2,h264,640 x 360,30,0,0,0,0
W8ZrM6Lff18,https://www.youtube.com/watch?v=W8ZrM6Lff18,0,h264,640 x 360,29.97002997003,0,0,0,0
W8ZrM6Lff18,https://www.youtube.com/watch?v=W8ZrM6Lff18,1,h264,640 x 360,29.97002997003,0,0,0,0
W8ZrM6Lff18,https://www.youtube.com/watch?v=W8ZrM6Lff18,2,h264,640 x 360,29.97002997003,0,0,0,0
w8icJJZKAgM,https://www.youtube.com/watch?v=w8icJJZKAgM,0,h264,640 x 360,29.97002997003,0,0,0,1
w8icJJZKAgM,https://www.youtube.com/watch?v=w8icJJZKAgM,1,h264,640 x 360,29.97002997003,0,0,0,1
w8icJJZKAgM,https://www.youtube.com/watch?v=w8icJJZKAgM,2,h264,640 x 360,29.97002997003,0,0,0,1
VWlAIbxoLmc,https://www.youtube.com/watch?v=VWlAIbxoLmc,0,h264,640 x 360,29.97002997003,0,0,0,0
VWlAIbxoLmc,https://www.youtube.com/watch?v=VWlAIbxoLmc,1,h264,640 x 360,29.97002997003,0,0,0,0
VWlAIbxoLmc,https://www.youtube.com/watch?v=VWlAIbxoLmc,2,h264,640 x 360,29.97002997003,0,0,0,0
VVQB_M2f6xM,https://www.youtube.com/watch?v=VVQB_M2f6xM,0,h264,640 x 360,23.976023976024,1,0,0,1
VVQB_M2f6xM,https://www.youtube.com/watch?v=VVQB_M2f6xM,1,h264,640 x 360,23.976023976024,1,0,0,1
VVQB_M2f6xM,https://www.youtube.com/watch?v=VVQB_M2f6xM,2,h264,640 x 360,23.976023976024,1,0,0,1
vpD0k9oebI4,https://www.youtube.com/watch?v=vpD0k9oebI4,0,h264,640 x 360,29.97002997003,0,0,0,1
vpD0k9oebI4,https://www.youtube.com/watch?v=vpD0k9oebI4,1,h264,640 x 360,29.97002997003,1,0,0,0
vpD0k9oebI4,https://www.youtube.com/watch?v=vpD0k9oebI4,2,h264,640 x 360,29.97002997003,0,0,0,1
VNM7Z7hir_I,https://www.youtube.com/watch?v=VNM7Z7hir_I,0,h264,640 x 360,30,0,0,0,0
VNM7Z7hir_I,https://www.youtube.com/watch?v=VNM7Z7hir_I,1,h264,640 x 360,30,1,0,0,0
VNM7Z7hir_I,https://www.youtube.com/watch?v=VNM7Z7hir_I,2,h264,640 x 360,30,1,0,0,0
vf2J2rDAzJw,https://www.youtube.com/watch?v=vf2J2rDAzJw,0,h264,640 x 360,29.97002997003,0,0,0,1
vf2J2rDAzJw,https://www.youtube.com/watch?v=vf2J2rDAzJw,1,h264,640 x 360,29.97002997003,0,0,0,1
vf2J2rDAzJw,https://www.youtube.com/watch?v=vf2J2rDAzJw,2,h264,640 x 360,29.97002997003,0,0,0,1
uYM1uQ7QrTc,https://www.youtube.com/watch?v=uYM1uQ7QrTc,0,h264,640 x 360,29.97002997003,0,0,0,0
uYM1uQ7QrTc,https://www.youtube.com/watch?v=uYM1uQ7QrTc,1,h264,640 x 360,29.97002997003,0,0,0,0
uYM1uQ7QrTc,https://www.youtube.com/watch?v=uYM1uQ7QrTc,2,h264,640 x 360,29.97002997003,0,0,0,0
uW-cotxZvlw,https://www.youtube.com/watch?v=uW-cotxZvlw,0,h264,640 x 360,29.97002997003,0,0,0,1
uW-cotxZvlw,https://www.youtube.com/watch?v=uW-cotxZvlw,1,h264,640 x 360,29.97002997003,0,0,0,0
uW-cotxZvlw,https://www.youtube.com/watch?v=uW-cotxZvlw,2,h264,640 x 360,29.97002997003,0,0,0,1
uN84HhcdIws,https://www.youtube.com/watch?v=uN84HhcdIws,0,h264,640 x 360,29.97002997003,0,0,0,1
uN84HhcdIws,https://www.youtube.com/watch?v=uN84HhcdIws,1,h264,640 x 360,29.97002997003,0,0,0,1
uN84HhcdIws,https://www.youtube.com/watch?v=uN84HhcdIws,2,h264,640 x 360,29.97002997003,1,0,0,1
Uk0mJSTatbw,https://www.youtube.com/watch?v=Uk0mJSTatbw,0,h264,640 x 360,29.97002997003,1,0,0,1
Uk0mJSTatbw,https://www.youtube.com/watch?v=Uk0mJSTatbw,1,h264,640 x 360,29.97002997003,1,0,0,1
Uk0mJSTatbw,https://www.youtube.com/watch?v=Uk0mJSTatbw,2,h264,640 x 360,29.97002997003,0,0,0,1
-To_rEkuyXE,https://www.youtube.com/watch?v=-To_rEkuyXE,0,h264,480 x 360,30,0,0,0,1
-To_rEkuyXE,https://www.youtube.com/watch?v=-To_rEkuyXE,1,h264,480 x 360,30,0,0,0,0
-To_rEkuyXE,https://www.youtube.com/watch?v=-To_rEkuyXE,2,h264,480 x 360,30,0,0,0,1
tOKt3waM0Qg,https://www.youtube.com/watch?v=tOKt3waM0Qg,0,h264,640 x 360,23.976023976024,0,0,0,1
tOKt3waM0Qg,https://www.youtube.com/watch?v=tOKt3waM0Qg,1,h264,640 x 360,23.976023976024,0,0,0,1
tOKt3waM0Qg,https://www.youtube.com/watch?v=tOKt3waM0Qg,2,h264,640 x 360,23.976023976024,1,0,0,0
TmNARZonhvY,https://www.youtube.com/watch?v=TmNARZonhvY,0,h264,640 x 360,23.976023976024,0,0,0,0
TmNARZonhvY,https://www.youtube.com/watch?v=TmNARZonhvY,1,h264,640 x 360,23.976023976024,0,0,0,0
TmNARZonhvY,https://www.youtube.com/watch?v=TmNARZonhvY,2,h264,640 x 360,23.976023976024,0,0,0,0
Tek2m1onttE,https://www.youtube.com/watch?v=Tek2m1onttE,0,h264,640 x 360,29.97002997003,0,0,0,0
Tek2m1onttE,https://www.youtube.com/watch?v=Tek2m1onttE,1,h264,640 x 360,29.97002997003,0,0,0,0
Tek2m1onttE,https://www.youtube.com/watch?v=Tek2m1onttE,2,h264,640 x 360,29.97002997003,0,0,0,1
sxTavjEu8Yc,https://www.youtube.com/watch?v=sxTavjEu8Yc,0,h264,640 x 360,29.97002997003,0,0,0,1
sxTavjEu8Yc,https://www.youtube.com/watch?v=sxTavjEu8Yc,1,h264,640 x 360,29.97002997003,0,0,0,1
sxTavjEu8Yc,https://www.youtube.com/watch?v=sxTavjEu8Yc,2,h264,640 x 360,29.97002997003,0,0,0,1
sx8YbUmXm2M,https://www.youtube.com/watch?v=sx8YbUmXm2M,0,h264,480 x 360,30,0,0,0,0
sx8YbUmXm2M,https://www.youtube.com/watch?v=sx8YbUmXm2M,1,h264,480 x 360,30,0,0,0,0
SPF9eWPAAj8,https://www.youtube.com/watch?v=SPF9eWPAAj8,0,h264,640 x 360,29.97002997003,0,0,0,1
SPF9eWPAAj8,https://www.youtube.com/watch?v=SPF9eWPAAj8,1,h264,640 x 360,29.97002997003,0,0,0,1
SPF9eWPAAj8,https://www.youtube.com/watch?v=SPF9eWPAAj8,2,h264,640 x 360,29.97002997003,0,0,0,1
sk00epALZps,https://www.youtube.com/watch?v=sk00epALZps,0,h264,640 x 360,29.9700295892466,0,0,0,0
sk00epALZps,https://www.youtube.com/watch?v=sk00epALZps,1,h264,640 x 360,29.9700295892466,0,0,0,0
sk00epALZps,https://www.youtube.com/watch?v=sk00epALZps,2,h264,640 x 360,29.9700295892466,0,0,0,0
sJR5erB8hU4,https://www.youtube.com/watch?v=sJR5erB8hU4,0,h264,640 x 360,29.97002997003,0,0,0,1
sJR5erB8hU4,https://www.youtube.com/watch?v=sJR5erB8hU4,1,h264,640 x 360,29.97002997003,0,0,0,1
sJR5erB8hU4,https://www.youtube.com/watch?v=sJR5erB8hU4,2,h264,640 x 360,29.97002997003,0,0,0,1
SHdc2DrprX0,https://www.youtube.com/watch?v=SHdc2DrprX0,0,h264,640 x 360,23.976023976024,1,0,0,1
SHdc2DrprX0,https://www.youtube.com/watch?v=SHdc2DrprX0,1,h264,640 x 360,23.976023976024,1,0,1,1
SHdc2DrprX0,https://www.youtube.com/watch?v=SHdc2DrprX0,2,h264,640 x 360,23.976023976024,0,0,0,0
sEQcp8WM0oI,https://www.youtube.com/watch?v=sEQcp8WM0oI,0,h264,640 x 360,29.9700327405933,0,0,0,0
sEQcp8WM0oI,https://www.youtube.com/watch?v=sEQcp8WM0oI,1,h264,640 x 360,29.9700327405933,0,0,0,0
sEQcp8WM0oI,https://www.youtube.com/watch?v=sEQcp8WM0oI,2,h264,640 x 360,29.9700327405933,1,0,0,0
sB83uyHhIRY,https://www.youtube.com/watch?v=sB83uyHhIRY,0,h264,640 x 360,29.97002997003,0,0,0,1
sB83uyHhIRY,https://www.youtube.com/watch?v=sB83uyHhIRY,1,h264,640 x 360,29.97002997003,0,0,0,0
sB83uyHhIRY,https://www.youtube.com/watch?v=sB83uyHhIRY,2,h264,640 x 360,29.97002997003,0,0,0,0
S7gy4bEzN1A,https://www.youtube.com/watch?v=S7gy4bEzN1A,0,h264,640 x 360,29.97002997003,0,0,0,1
S7gy4bEzN1A,https://www.youtube.com/watch?v=S7gy4bEzN1A,1,h264,640 x 360,29.97002997003,0,0,0,0
S7gy4bEzN1A,https://www.youtube.com/watch?v=S7gy4bEzN1A,2,h264,640 x 360,29.97002997003,0,0,0,1
s0M6y5sCUVM,https://www.youtube.com/watch?v=s0M6y5sCUVM,0,h264,640 x 360,23.976023976024,0,0,0,1
s0M6y5sCUVM,https://www.youtube.com/watch?v=s0M6y5sCUVM,1,h264,640 x 360,23.976023976024,1,0,0,1
s0M6y5sCUVM,https://www.youtube.com/watch?v=s0M6y5sCUVM,2,h264,640 x 360,23.976023976024,1,0,0,1
R-XDCZhOnIo,https://www.youtube.com/watch?v=R-XDCZhOnIo,0,h264,640 x 360,29.97002997003,0,0,0,1
R-XDCZhOnIo,https://www.youtube.com/watch?v=R-XDCZhOnIo,1,h264,640 x 360,29.97002997003,1,0,0,1
R-XDCZhOnIo,https://www.youtube.com/watch?v=R-XDCZhOnIo,2,h264,640 x 360,29.97002997003,0,0,0,1
RuU-SHQljDQ,https://www.youtube.com/watch?v=RuU-SHQljDQ,0,h264,640 x 360,29.97002997003,0,0,0,1
RuU-SHQljDQ,https://www.youtube.com/watch?v=RuU-SHQljDQ,1,h264,640 x 360,29.97002997003,0,0,0,1
RuU-SHQljDQ,https://www.youtube.com/watch?v=RuU-SHQljDQ,2,h264,640 x 360,29.97002997003,0,0,0,1
Ru5eWlxOK6w,https://www.youtube.com/watch?v=Ru5eWlxOK6w,0,h264,640 x 360,23.976023976024,1,0,0,1
Ru5eWlxOK6w,https://www.youtube.com/watch?v=Ru5eWlxOK6w,1,h264,640 x 360,23.976023976024,0,0,0,1
Ru5eWlxOK6w,https://www.youtube.com/watch?v=Ru5eWlxOK6w,2,h264,640 x 360,23.976023976024,0,0,0,1
rpFqyWChCYw,https://www.youtube.com/watch?v=rpFqyWChCYw,0,h264,640 x 360,29.97002997003,0,0,0,0
rpFqyWChCYw,https://www.youtube.com/watch?v=rpFqyWChCYw,1,h264,640 x 360,29.97002997003,0,0,0,0
rpFqyWChCYw,https://www.youtube.com/watch?v=rpFqyWChCYw,2,h264,640 x 360,29.97002997003,0,0,0,0
rjOx3W5GtXg,https://www.youtube.com/watch?v=rjOx3W5GtXg,0,h264,640 x 360,23.976023976024,1,0,0,1
rjOx3W5GtXg,https://www.youtube.com/watch?v=rjOx3W5GtXg,1,h264,640 x 360,23.976023976024,1,0,0,0
rjOx3W5GtXg,https://www.youtube.com/watch?v=rjOx3W5GtXg,2,h264,640 x 360,23.976023976024,0,0,0,0
RFvNLP8li10,https://www.youtube.com/watch?v=RFvNLP8li10,0,h264,640 x 360,29.97002997003,0,0,0,1
RFvNLP8li10,https://www.youtube.com/watch?v=RFvNLP8li10,1,h264,640 x 360,29.97002997003,0,0,0,1
RFvNLP8li10,https://www.youtube.com/watch?v=RFvNLP8li10,2,h264,640 x 360,29.97002997003,0,0,0,0
reuJjGhgU_k,https://www.youtube.com/watch?v=reuJjGhgU_k,0,h264,640 x 360,23.976023976024,1,0,0,1
reuJjGhgU_k,https://www.youtube.com/watch?v=reuJjGhgU_k,1,h264,640 x 360,23.976023976024,1,0,0,0
reuJjGhgU_k,https://www.youtube.com/watch?v=reuJjGhgU_k,2,h264,640 x 360,23.976023976024,1,0,0,1
rEGUDZZmj4M,https://www.youtube.com/watch?v=rEGUDZZmj4M,0,h264,640 x 360,23.976023976024,0,0,0,0
rEGUDZZmj4M,https://www.youtube.com/watch?v=rEGUDZZmj4M,1,h264,640 x 360,23.976023976024,0,0,0,1
rEGUDZZmj4M,https://www.youtube.com/watch?v=rEGUDZZmj4M,2,h264,640 x 360,23.976023976024,0,0,0,0
R-DyQGDzP_A,https://www.youtube.com/watch?v=R-DyQGDzP_A,0,h264,640 x 360,29.97002997003,0,0,0,0
R-DyQGDzP_A,https://www.youtube.com/watch?v=R-DyQGDzP_A,1,h264,640 x 360,29.97002997003,0,0,0,0
R-DyQGDzP_A,https://www.youtube.com/watch?v=R-DyQGDzP_A,2,h264,640 x 360,29.97002997003,0,0,0,0
r_D9AUV5XDs,https://www.youtube.com/watch?v=r_D9AUV5XDs,0,h264,640 x 360,29.97002997003,0,0,0,1
r_D9AUV5XDs,https://www.youtube.com/watch?v=r_D9AUV5XDs,1,h264,640 x 360,29.97002997003,0,0,0,1
r_D9AUV5XDs,https://www.youtube.com/watch?v=r_D9AUV5XDs,2,h264,640 x 360,29.97002997003,0,0,0,1
RaKvktg8IYI,https://www.youtube.com/watch?v=RaKvktg8IYI,0,h264,640 x 360,23.976023976024,0,0,0,1
RaKvktg8IYI,https://www.youtube.com/watch?v=RaKvktg8IYI,1,h264,640 x 360,23.976023976024,0,0,0,0
RaKvktg8IYI,https://www.youtube.com/watch?v=RaKvktg8IYI,2,h264,640 x 360,23.976023976024,0,0,0,1
Qwq9bDGmHQ8,https://www.youtube.com/watch?v=Qwq9bDGmHQ8,0,h264,640 x 360,29.97002997003,0,0,0,0
Qwq9bDGmHQ8,https://www.youtube.com/watch?v=Qwq9bDGmHQ8,1,h264,640 x 360,29.97002997003,1,0,0,0
Qwq9bDGmHQ8,https://www.youtube.com/watch?v=Qwq9bDGmHQ8,2,h264,640 x 360,29.97002997003,0,0,0,1
qUed6Ug4Cgo,https://www.youtube.com/watch?v=qUed6Ug4Cgo,0,h264,640 x 360,29.97,0,0,0,1
qUed6Ug4Cgo,https://www.youtube.com/watch?v=qUed6Ug4Cgo,1,h264,640 x 360,29.97,0,0,0,1
qUed6Ug4Cgo,https://www.youtube.com/watch?v=qUed6Ug4Cgo,2,h264,640 x 360,29.97,0,0,0,1
qtsNbxgPngA,https://www.youtube.com/watch?v=qtsNbxgPngA,0,h264,640 x 360,29.97002997003,0,0,0,0
qtsNbxgPngA,https://www.youtube.com/watch?v=qtsNbxgPngA,1,h264,640 x 360,29.97002997003,0,0,0,0
qtsNbxgPngA,https://www.youtube.com/watch?v=qtsNbxgPngA,2,h264,640 x 360,29.97002997003,0,0,0,0
qTet5MA_pC0,https://www.youtube.com/watch?v=qTet5MA_pC0,0,h264,640 x 360,29.97002997003,0,0,0,0
qTet5MA_pC0,https://www.youtube.com/watch?v=qTet5MA_pC0,1,h264,640 x 360,29.97002997003,0,0,0,0
qTet5MA_pC0,https://www.youtube.com/watch?v=qTet5MA_pC0,2,h264,640 x 360,29.97002997003,0,0,0,0
QqivtpiYFDU,https://www.youtube.com/watch?v=QqivtpiYFDU,0,h264,640 x 360,29.97002997003,0,0,0,0
QqivtpiYFDU,https://www.youtube.com/watch?v=QqivtpiYFDU,1,h264,640 x 360,29.97002997003,0,0,0,0
QqivtpiYFDU,https://www.youtube.com/watch?v=QqivtpiYFDU,2,h264,640 x 360,29.97002997003,0,0,0,0
qpMLHyuQHoQ,https://www.youtube.com/watch?v=qpMLHyuQHoQ,0,h264,640 x 360,29.97002997003,0,0,0,0
qpMLHyuQHoQ,https://www.youtube.com/watch?v=qpMLHyuQHoQ,1,h264,640 x 360,29.97002997003,0,0,0,0
qpMLHyuQHoQ,https://www.youtube.com/watch?v=qpMLHyuQHoQ,2,h264,640 x 360,29.97002997003,0,0,0,1
QlaeirHJpns,https://www.youtube.com/watch?v=QlaeirHJpns,0,h264,640 x 360,29.97002997003,0,0,0,1
QlaeirHJpns,https://www.youtube.com/watch?v=QlaeirHJpns,1,h264,640 x 360,29.97002997003,0,1,0,1
QlaeirHJpns,https://www.youtube.com/watch?v=QlaeirHJpns,2,h264,640 x 360,29.97002997003,0,1,0,1
qJVhGXSZO9Y,https://www.youtube.com/watch?v=qJVhGXSZO9Y,0,h264,640 x 360,29.97002997003,0,0,0,1
qJVhGXSZO9Y,https://www.youtube.com/watch?v=qJVhGXSZO9Y,1,h264,640 x 360,29.97002997003,0,0,0,1
qJVhGXSZO9Y,https://www.youtube.com/watch?v=qJVhGXSZO9Y,2,h264,640 x 360,29.97002997003,1,0,0,1
QHzXEgy0bdo,https://www.youtube.com/watch?v=QHzXEgy0bdo,0,h264,480 x 360,30,0,1,0,1
QHzXEgy0bdo,https://www.youtube.com/watch?v=QHzXEgy0bdo,1,h264,480 x 360,30,0,1,0,0
QHzXEgy0bdo,https://www.youtube.com/watch?v=QHzXEgy0bdo,2,h264,480 x 360,30,0,1,0,0
QhMO5SSmiaA,https://www.youtube.com/watch?v=QhMO5SSmiaA,0,h264,640 x 360,29.97002997003,0,0,0,1
QhMO5SSmiaA,https://www.youtube.com/watch?v=QhMO5SSmiaA,1,h264,640 x 360,29.97002997003,0,0,0,1
QhMO5SSmiaA,https://www.youtube.com/watch?v=QhMO5SSmiaA,2,h264,640 x 360,29.97002997003,0,0,0,1
QDxJsff1zlU,https://www.youtube.com/watch?v=QDxJsff1zlU,0,h264,640 x 360,25,0,0,0,0
QDxJsff1zlU,https://www.youtube.com/watch?v=QDxJsff1zlU,1,h264,640 x 360,25,0,0,0,0
QDxJsff1zlU,https://www.youtube.com/watch?v=QDxJsff1zlU,2,h264,640 x 360,25,0,0,0,0
Q-bbzURSeIA,https://www.youtube.com/watch?v=Q-bbzURSeIA,0,h264,640 x 360,29.97002997003,1,1,0,1
Q-bbzURSeIA,https://www.youtube.com/watch?v=Q-bbzURSeIA,1,h264,640 x 360,29.97002997003,0,1,0,1
Q-bbzURSeIA,https://www.youtube.com/watch?v=Q-bbzURSeIA,2,h264,640 x 360,29.97002997003,0,1,0,1
QaSGPqbLE9Y,https://www.youtube.com/watch?v=QaSGPqbLE9Y,0,h264,640 x 360,29.9701412985935,0,0,0,0
QaSGPqbLE9Y,https://www.youtube.com/watch?v=QaSGPqbLE9Y,1,h264,640 x 360,29.9701412985935,0,0,0,0
QaSGPqbLE9Y,https://www.youtube.com/watch?v=QaSGPqbLE9Y,2,h264,640 x 360,29.9701412985935,0,0,0,0
pxxPznV38Hk,https://www.youtube.com/watch?v=pxxPznV38Hk,0,h264,640 x 360,29.97002997003,0,0,0,0
pxxPznV38Hk,https://www.youtube.com/watch?v=pxxPznV38Hk,1,h264,640 x 360,29.97002997003,0,0,0,0
pxxPznV38Hk,https://www.youtube.com/watch?v=pxxPznV38Hk,2,h264,640 x 360,29.97002997003,0,0,0,0
pWV6WQE5EJc,https://www.youtube.com/watch?v=pWV6WQE5EJc,0,h264,640 x 360,29.97002997003,0,0,0,1
pWV6WQE5EJc,https://www.youtube.com/watch?v=pWV6WQE5EJc,1,h264,640 x 360,29.97002997003,0,0,0,0
pWV6WQE5EJc,https://www.youtube.com/watch?v=pWV6WQE5EJc,2,h264,640 x 360,29.97002997003,0,0,0,1
PSVN4YZGaeU,https://www.youtube.com/watch?v=PSVN4YZGaeU,0,h264,640 x 360,29.97002997003,0,0,0,0
PSVN4YZGaeU,https://www.youtube.com/watch?v=PSVN4YZGaeU,1,h264,640 x 360,29.97002997003,0,1,0,0
PSVN4YZGaeU,https://www.youtube.com/watch?v=PSVN4YZGaeU,2,h264,640 x 360,29.97002997003,0,1,0,0
PFbBvpR-N5k,https://www.youtube.com/watch?v=PFbBvpR-N5k,0,h264,640 x 360,29.9701073583289,0,0,0,0
PFbBvpR-N5k,https://www.youtube.com/watch?v=PFbBvpR-N5k,1,h264,640 x 360,29.9701073583289,0,0,0,1
PFbBvpR-N5k,https://www.youtube.com/watch?v=PFbBvpR-N5k,2,h264,640 x 360,29.9701073583289,0,0,0,1
pes5F6EJlP0,https://www.youtube.com/watch?v=pes5F6EJlP0,0,h264,640 x 360,25,0,0,0,0
pes5F6EJlP0,https://www.youtube.com/watch?v=pes5F6EJlP0,1,h264,640 x 360,25,0,0,0,0
pes5F6EJlP0,https://www.youtube.com/watch?v=pes5F6EJlP0,2,h264,640 x 360,25,0,0,0,1
pCjY3ZQY8WY,https://www.youtube.com/watch?v=pCjY3ZQY8WY,0,h264,640 x 360,29.97002997003,0,0,0,0
pCjY3ZQY8WY,https://www.youtube.com/watch?v=pCjY3ZQY8WY,1,h264,640 x 360,29.97002997003,0,0,0,1
pCjY3ZQY8WY,https://www.youtube.com/watch?v=pCjY3ZQY8WY,2,h264,640 x 360,29.97002997003,0,1,0,1
pcdiXDkNjd8,https://www.youtube.com/watch?v=pcdiXDkNjd8,0,h264,640 x 360,29.97002997003,0,1,0,1
pcdiXDkNjd8,https://www.youtube.com/watch?v=pcdiXDkNjd8,1,h264,640 x 360,29.97002997003,0,1,0,0
pcdiXDkNjd8,https://www.youtube.com/watch?v=pcdiXDkNjd8,2,h264,640 x 360,29.97002997003,0,1,0,0
pBIOkvC6oXI,https://www.youtube.com/watch?v=pBIOkvC6oXI,0,h264,640 x 360,29.97002997003,0,0,0,1
pBIOkvC6oXI,https://www.youtube.com/watch?v=pBIOkvC6oXI,1,h264,640 x 360,29.97002997003,0,0,0,1
pBIOkvC6oXI,https://www.youtube.com/watch?v=pBIOkvC6oXI,2,h264,640 x 360,29.97002997003,0,0,0,0
P8m-KThvtxA,https://www.youtube.com/watch?v=P8m-KThvtxA,0,h264,640 x 360,29.97002997003,0,0,0,0
P8m-KThvtxA,https://www.youtube.com/watch?v=P8m-KThvtxA,1,h264,640 x 360,29.97002997003,0,0,0,1
P8m-KThvtxA,https://www.youtube.com/watch?v=P8m-KThvtxA,2,h264,640 x 360,29.97002997003,0,0,0,1
P8m3V8aPzoI,https://www.youtube.com/watch?v=P8m3V8aPzoI,0,h264,640 x 360,29.97002997003,0,0,0,1
P8m3V8aPzoI,https://www.youtube.com/watch?v=P8m3V8aPzoI,1,h264,640 x 360,29.97002997003,0,0,0,1
P8m3V8aPzoI,https://www.youtube.com/watch?v=P8m3V8aPzoI,2,h264,640 x 360,29.97002997003,0,0,0,1
ozVRGho-cZQ,https://www.youtube.com/watch?v=ozVRGho-cZQ,0,h264,640 x 360,29.97002997003,0,1,0,0
ozVRGho-cZQ,https://www.youtube.com/watch?v=ozVRGho-cZQ,1,h264,640 x 360,29.97002997003,0,1,1,0
ozVRGho-cZQ,https://www.youtube.com/watch?v=ozVRGho-cZQ,2,h264,640 x 360,29.97002997003,0,1,1,0
OPdbdjctx2I,https://www.youtube.com/watch?v=OPdbdjctx2I,0,h264,640 x 360,29.97002997003,0,0,0,1
OPdbdjctx2I,https://www.youtube.com/watch?v=OPdbdjctx2I,1,h264,640 x 360,29.97002997003,0,0,0,1
OPdbdjctx2I,https://www.youtube.com/watch?v=OPdbdjctx2I,2,h264,640 x 360,29.97002997003,0,1,0,0
o-NuXSWtL2s,https://www.youtube.com/watch?v=o-NuXSWtL2s,0,h264,640 x 360,23.976023976024,0,1,0,1
o-NuXSWtL2s,https://www.youtube.com/watch?v=o-NuXSWtL2s,1,h264,640 x 360,23.976023976024,0,1,0,1
o-NuXSWtL2s,https://www.youtube.com/watch?v=o-NuXSWtL2s,2,h264,640 x 360,23.976023976024,0,1,0,1
omMtBWigSC0,https://www.youtube.com/watch?v=omMtBWigSC0,0,h264,640 x 360,29.9700009548286,0,0,0,0
omMtBWigSC0,https://www.youtube.com/watch?v=omMtBWigSC0,1,h264,640 x 360,29.9700009548286,0,1,0,0
omMtBWigSC0,https://www.youtube.com/watch?v=omMtBWigSC0,2,h264,640 x 360,29.9700009548286,0,0,0,0
OI3rOt20QT0,https://www.youtube.com/watch?v=OI3rOt20QT0,0,h264,640 x 360,29.97002997003,0,0,0,1
OI3rOt20QT0,https://www.youtube.com/watch?v=OI3rOt20QT0,1,h264,640 x 360,29.97002997003,0,0,0,1
OI3rOt20QT0,https://www.youtube.com/watch?v=OI3rOt20QT0,2,h264,640 x 360,29.97002997003,0,0,0,1
oGs7JtCfm5U,https://www.youtube.com/watch?v=oGs7JtCfm5U,0,h264,640 x 360,25,0,1,0,0
oGs7JtCfm5U,https://www.youtube.com/watch?v=oGs7JtCfm5U,1,h264,640 x 360,25,0,1,0,1
oGs7JtCfm5U,https://www.youtube.com/watch?v=oGs7JtCfm5U,2,h264,640 x 360,25,0,1,0,1
O6Iiy_YOe4Y,https://www.youtube.com/watch?v=O6Iiy_YOe4Y,0,h264,640 x 360,23.976023976024,0,0,0,1
O6Iiy_YOe4Y,https://www.youtube.com/watch?v=O6Iiy_YOe4Y,1,h264,640 x 360,23.976023976024,0,0,0,1
O6Iiy_YOe4Y,https://www.youtube.com/watch?v=O6Iiy_YOe4Y,2,h264,640 x 360,23.976023976024,0,0,0,1
o4amX_TkXsk,https://www.youtube.com/watch?v=o4amX_TkXsk,0,h264,480 x 360,30,0,1,0,0
o4amX_TkXsk,https://www.youtube.com/watch?v=o4amX_TkXsk,1,h264,480 x 360,30,0,1,0,1
o4amX_TkXsk,https://www.youtube.com/watch?v=o4amX_TkXsk,2,h264,480 x 360,30,0,1,0,1
NzDhm808oU4,https://www.youtube.com/watch?v=NzDhm808oU4,0,h264,640 x 360,29.97002997003,0,0,0,1
NzDhm808oU4,https://www.youtube.com/watch?v=NzDhm808oU4,1,h264,640 x 360,29.97002997003,0,0,0,1
NzDhm808oU4,https://www.youtube.com/watch?v=NzDhm808oU4,2,h264,640 x 360,29.97002997003,1,0,0,0
Nqf15ViHSmQ,https://www.youtube.com/watch?v=Nqf15ViHSmQ,0,h264,640 x 360,29.97002997003,0,0,0,0
Nqf15ViHSmQ,https://www.youtube.com/watch?v=Nqf15ViHSmQ,1,h264,640 x 360,29.97002997003,0,0,0,0
Nqf15ViHSmQ,https://www.youtube.com/watch?v=Nqf15ViHSmQ,2,h264,640 x 360,29.97002997003,0,0,0,0
NHTZYPbVQAg,https://www.youtube.com/watch?v=NHTZYPbVQAg,0,h264,480 x 360,25,0,0,0,0
NHTZYPbVQAg,https://www.youtube.com/watch?v=NHTZYPbVQAg,1,h264,480 x 360,25,0,0,0,1
NHTZYPbVQAg,https://www.youtube.com/watch?v=NHTZYPbVQAg,2,h264,480 x 360,25,0,0,0,1
ngFPBz_8SDc,https://www.youtube.com/watch?v=ngFPBz_8SDc,0,h264,640 x 360,29.97002997003,0,0,0,0
ngFPBz_8SDc,https://www.youtube.com/watch?v=ngFPBz_8SDc,1,h264,640 x 360,29.97002997003,0,0,0,0
ngFPBz_8SDc,https://www.youtube.com/watch?v=ngFPBz_8SDc,2,h264,640 x 360,29.97002997003,0,0,0,1
NeUm3vHYOtw,https://www.youtube.com/watch?v=NeUm3vHYOtw,0,h264,640 x 360,29.9701187674649,0,0,0,0
NeUm3vHYOtw,https://www.youtube.com/watch?v=NeUm3vHYOtw,1,h264,640 x 360,29.9701187674649,0,0,0,0
NeUm3vHYOtw,https://www.youtube.com/watch?v=NeUm3vHYOtw,2,h264,640 x 360,29.9701187674649,0,0,0,0
NEoOJ0uRskY,https://www.youtube.com/watch?v=NEoOJ0uRskY,0,h264,640 x 360,29.97002997003,0,0,0,1
NEoOJ0uRskY,https://www.youtube.com/watch?v=NEoOJ0uRskY,1,h264,640 x 360,29.97002997003,0,0,0,1
NEoOJ0uRskY,https://www.youtube.com/watch?v=NEoOJ0uRskY,2,h264,640 x 360,29.97002997003,0,0,0,1
-nDzoRuJhc0,https://www.youtube.com/watch?v=-nDzoRuJhc0,0,h264,640 x 360,25,0,1,0,1
-nDzoRuJhc0,https://www.youtube.com/watch?v=-nDzoRuJhc0,1,h264,640 x 360,25,0,1,0,1
-nDzoRuJhc0,https://www.youtube.com/watch?v=-nDzoRuJhc0,2,h264,640 x 360,25,0,1,0,1
Nd1Qkdt4L2c,https://www.youtube.com/watch?v=Nd1Qkdt4L2c,0,h264,640 x 360,29.97002997003,0,0,0,1
Nd1Qkdt4L2c,https://www.youtube.com/watch?v=Nd1Qkdt4L2c,1,h264,640 x 360,29.97002997003,0,0,0,1
Nd1Qkdt4L2c,https://www.youtube.com/watch?v=Nd1Qkdt4L2c,2,h264,640 x 360,29.97002997003,0,0,0,1
NCLZi2Rn_ug,https://www.youtube.com/watch?v=NCLZi2Rn_ug,0,h264,640 x 360,23.976023976024,0,0,0,1
NCLZi2Rn_ug,https://www.youtube.com/watch?v=NCLZi2Rn_ug,1,h264,640 x 360,23.976023976024,0,0,0,1
NCLZi2Rn_ug,https://www.youtube.com/watch?v=NCLZi2Rn_ug,2,h264,640 x 360,23.976023976024,0,0,0,1
NBO3vF8p0J0,https://www.youtube.com/watch?v=NBO3vF8p0J0,0,h264,640 x 360,23.976023976024,0,0,0,1
NBO3vF8p0J0,https://www.youtube.com/watch?v=NBO3vF8p0J0,1,h264,640 x 360,23.976023976024,0,1,0,1
NBO3vF8p0J0,https://www.youtube.com/watch?v=NBO3vF8p0J0,2,h264,640 x 360,23.976023976024,1,0,0,1
NaY91YjVbEM,https://www.youtube.com/watch?v=NaY91YjVbEM,0,h264,640 x 360,29.97002997003,0,0,0,0
NaY91YjVbEM,https://www.youtube.com/watch?v=NaY91YjVbEM,1,h264,640 x 360,29.97002997003,0,0,0,0
NaY91YjVbEM,https://www.youtube.com/watch?v=NaY91YjVbEM,2,h264,640 x 360,29.97002997003,0,0,0,0
nAULsoAQn2g,https://www.youtube.com/watch?v=nAULsoAQn2g,0,h264,640 x 360,23.976023976024,0,0,0,1
nAULsoAQn2g,https://www.youtube.com/watch?v=nAULsoAQn2g,1,h264,640 x 360,23.976023976024,0,0,0,1
nAULsoAQn2g,https://www.youtube.com/watch?v=nAULsoAQn2g,2,h264,640 x 360,23.976023976024,0,0,0,1
Nao6FwfXGhA,https://www.youtube.com/watch?v=Nao6FwfXGhA,0,h264,640 x 360,23.976023976024,0,0,0,1
Nao6FwfXGhA,https://www.youtube.com/watch?v=Nao6FwfXGhA,1,h264,640 x 360,23.976023976024,0,0,0,1
Nao6FwfXGhA,https://www.youtube.com/watch?v=Nao6FwfXGhA,2,h264,640 x 360,23.976023976024,0,0,0,1
MlPd6zWjd_0,https://www.youtube.com/watch?v=MlPd6zWjd_0,0,h264,640 x 360,29.97002997003,0,0,0,0
MlPd6zWjd_0,https://www.youtube.com/watch?v=MlPd6zWjd_0,1,h264,640 x 360,29.97002997003,0,0,0,0
MlPd6zWjd_0,https://www.youtube.com/watch?v=MlPd6zWjd_0,2,h264,640 x 360,29.97002997003,0,0,0,1
mctn16hLzhg,https://www.youtube.com/watch?v=mctn16hLzhg,0,h264,640 x 360,29.97002997003,0,0,0,0
mctn16hLzhg,https://www.youtube.com/watch?v=mctn16hLzhg,1,h264,640 x 360,29.97002997003,0,0,0,1
mctn16hLzhg,https://www.youtube.com/watch?v=mctn16hLzhg,2,h264,640 x 360,29.97002997003,0,0,0,0
m0dtn1BNQOA,https://www.youtube.com/watch?v=m0dtn1BNQOA,0,h264,640 x 360,29.9699544888147,0,0,0,1
m0dtn1BNQOA,https://www.youtube.com/watch?v=m0dtn1BNQOA,1,h264,640 x 360,29.9699544888147,0,0,0,1
m0dtn1BNQOA,https://www.youtube.com/watch?v=m0dtn1BNQOA,2,h264,640 x 360,29.9699544888147,0,0,0,1
lzdPjidRrOc,https://www.youtube.com/watch?v=lzdPjidRrOc,0,h264,640 x 360,29.97002997003,0,0,0,1
lzdPjidRrOc,https://www.youtube.com/watch?v=lzdPjidRrOc,1,h264,640 x 360,29.97002997003,0,0,0,0
lzdPjidRrOc,https://www.youtube.com/watch?v=lzdPjidRrOc,2,h264,640 x 360,29.97002997003,0,0,0,0
l-tyYcfP8p0,https://www.youtube.com/watch?v=l-tyYcfP8p0,0,h264,640 x 360,29.97002997003,0,0,0,1
l-tyYcfP8p0,https://www.youtube.com/watch?v=l-tyYcfP8p0,1,h264,640 x 360,29.97002997003,0,0,0,1
l-tyYcfP8p0,https://www.youtube.com/watch?v=l-tyYcfP8p0,2,h264,640 x 360,29.97002997003,0,0,0,1
LsGL5MXRVmc,https://www.youtube.com/watch?v=LsGL5MXRVmc,0,h264,640 x 360,29.9700430300531,0,0,0,1
LsGL5MXRVmc,https://www.youtube.com/watch?v=LsGL5MXRVmc,1,h264,640 x 360,29.9700430300531,0,0,0,1
LsGL5MXRVmc,https://www.youtube.com/watch?v=LsGL5MXRVmc,2,h264,640 x 360,29.9700430300531,0,0,0,1
Lrj0c3Ta-Tg,https://www.youtube.com/watch?v=Lrj0c3Ta-Tg,0,h264,640 x 360,29.97002997003,0,0,0,1
Lrj0c3Ta-Tg,https://www.youtube.com/watch?v=Lrj0c3Ta-Tg,1,h264,640 x 360,29.97002997003,0,0,0,1
Lrj0c3Ta-Tg,https://www.youtube.com/watch?v=Lrj0c3Ta-Tg,2,h264,640 x 360,29.97002997003,0,0,0,1
Lip5j_ToVcM,https://www.youtube.com/watch?v=Lip5j_ToVcM,0,h264,640 x 360,29.97002997003,0,0,0,1
Lip5j_ToVcM,https://www.youtube.com/watch?v=Lip5j_ToVcM,1,h264,640 x 360,29.97002997003,0,0,0,1
Lip5j_ToVcM,https://www.youtube.com/watch?v=Lip5j_ToVcM,2,h264,640 x 360,29.97002997003,0,0,0,1
kZZj831VbEM,https://www.youtube.com/watch?v=kZZj831VbEM,0,h264,640 x 360,23.976023976024,0,1,0,0
kZZj831VbEM,https://www.youtube.com/watch?v=kZZj831VbEM,1,h264,640 x 360,23.976023976024,0,0,0,1
kZZj831VbEM,https://www.youtube.com/watch?v=kZZj831VbEM,2,h264,640 x 360,23.976023976024,0,0,0,1
kwauNQdyl8M,https://www.youtube.com/watch?v=kwauNQdyl8M,0,h264,640 x 360,23.9760091615404,1,0,0,1
kwauNQdyl8M,https://www.youtube.com/watch?v=kwauNQdyl8M,1,h264,640 x 360,23.9760091615404,0,1,0,1
kwauNQdyl8M,https://www.youtube.com/watch?v=kwauNQdyl8M,2,h264,640 x 360,23.9760091615404,1,1,0,1
krcHpMdOVAk,https://www.youtube.com/watch?v=krcHpMdOVAk,0,h264,640 x 360,29.97002997003,0,0,0,1
krcHpMdOVAk,https://www.youtube.com/watch?v=krcHpMdOVAk,1,h264,640 x 360,29.97002997003,0,0,0,1
krcHpMdOVAk,https://www.youtube.com/watch?v=krcHpMdOVAk,2,h264,640 x 360,29.97002997003,0,0,0,1
kLUFit8815c,https://www.youtube.com/watch?v=kLUFit8815c,0,h264,640 x 360,23.976023976024,0,0,0,1
kLUFit8815c,https://www.youtube.com/watch?v=kLUFit8815c,1,h264,640 x 360,23.976023976024,0,0,0,1
kLUFit8815c,https://www.youtube.com/watch?v=kLUFit8815c,2,h264,640 x 360,23.976023976024,0,0,0,1
KlDvzBBxrao,https://www.youtube.com/watch?v=KlDvzBBxrao,0,h264,640 x 360,25,0,0,0,1
KlDvzBBxrao,https://www.youtube.com/watch?v=KlDvzBBxrao,1,h264,640 x 360,25,0,0,0,0
KlDvzBBxrao,https://www.youtube.com/watch?v=KlDvzBBxrao,2,h264,640 x 360,25,1,0,0,1
KHMRej5YjwA,https://www.youtube.com/watch?v=KHMRej5YjwA,0,h264,640 x 360,29.97002997003,0,0,0,1
KHMRej5YjwA,https://www.youtube.com/watch?v=KHMRej5YjwA,1,h264,640 x 360,29.97002997003,0,0,0,0
KHMRej5YjwA,https://www.youtube.com/watch?v=KHMRej5YjwA,2,h264,640 x 360,29.97002997003,0,0,0,1
KG93N_9Jf-M,https://www.youtube.com/watch?v=KG93N_9Jf-M,0,h264,640 x 360,29.9700324507734,0,0,0,1
KG93N_9Jf-M,https://www.youtube.com/watch?v=KG93N_9Jf-M,1,h264,640 x 360,29.9700324507734,0,0,0,1
KG93N_9Jf-M,https://www.youtube.com/watch?v=KG93N_9Jf-M,2,h264,640 x 360,29.9700324507734,0,0,0,1
KDqs8_aFLhk,https://www.youtube.com/watch?v=KDqs8_aFLhk,0,h264,640 x 360,29.97002997003,0,0,0,1
KDqs8_aFLhk,https://www.youtube.com/watch?v=KDqs8_aFLhk,1,h264,640 x 360,29.97002997003,0,1,0,1
KDqs8_aFLhk,https://www.youtube.com/watch?v=KDqs8_aFLhk,2,h264,640 x 360,29.97002997003,0,1,0,0
Kcrf5foF0CY,https://www.youtube.com/watch?v=Kcrf5foF0CY,0,h264,640 x 360,29.97002997003,0,0,0,1
Kcrf5foF0CY,https://www.youtube.com/watch?v=Kcrf5foF0CY,1,h264,640 x 360,29.97002997003,0,0,0,1
Kcrf5foF0CY,https://www.youtube.com/watch?v=Kcrf5foF0CY,2,h264,640 x 360,29.97002997003,0,0,0,1
jtx7aTdaVzM,https://www.youtube.com/watch?v=jtx7aTdaVzM,0,h264,640 x 360,29.9700473550236,0,0,0,0
jtx7aTdaVzM,https://www.youtube.com/watch?v=jtx7aTdaVzM,1,h264,640 x 360,29.9700473550236,0,0,0,0
jtx7aTdaVzM,https://www.youtube.com/watch?v=jtx7aTdaVzM,2,h264,640 x 360,29.9700473550236,0,0,0,1
JrmxD9UxY0E,https://www.youtube.com/watch?v=JrmxD9UxY0E,0,h264,640 x 360,29.97002997003,0,0,0,1
JrmxD9UxY0E,https://www.youtube.com/watch?v=JrmxD9UxY0E,1,h264,640 x 360,29.97002997003,0,0,0,0
JrmxD9UxY0E,https://www.youtube.com/watch?v=JrmxD9UxY0E,2,h264,640 x 360,29.97002997003,0,0,0,0
JpUxQyLCBbk,https://www.youtube.com/watch?v=JpUxQyLCBbk,0,h264,640 x 360,29.97002997003,0,0,0,1
JpUxQyLCBbk,https://www.youtube.com/watch?v=JpUxQyLCBbk,1,h264,640 x 360,29.97002997003,0,0,0,1
JpUxQyLCBbk,https://www.youtube.com/watch?v=JpUxQyLCBbk,2,h264,640 x 360,29.97002997003,0,0,0,1
JoaDX2OwET8,https://www.youtube.com/watch?v=JoaDX2OwET8,0,h264,640 x 360,29.97002997003,1,0,0,1
JoaDX2OwET8,https://www.youtube.com/watch?v=JoaDX2OwET8,1,h264,640 x 360,29.97002997003,0,0,0,1
JoaDX2OwET8,https://www.youtube.com/watch?v=JoaDX2OwET8,2,h264,640 x 360,29.97002997003,1,0,0,1
JMLuOvRpyts,https://www.youtube.com/watch?v=JMLuOvRpyts,0,h264,640 x 360,30,0,0,0,0
JMLuOvRpyts,https://www.youtube.com/watch?v=JMLuOvRpyts,1,h264,640 x 360,30,1,0,0,0
JMLuOvRpyts,https://www.youtube.com/watch?v=JMLuOvRpyts,2,h264,640 x 360,30,0,0,0,1
JG94l547jPE,https://www.youtube.com/watch?v=JG94l547jPE,0,h264,640 x 356,24,0,0,0,0
JG94l547jPE,https://www.youtube.com/watch?v=JG94l547jPE,1,h264,640 x 356,24,0,0,0,0
JG94l547jPE,https://www.youtube.com/watch?v=JG94l547jPE,2,h264,640 x 356,24,0,0,0,0
Icojw8fP03E,https://www.youtube.com/watch?v=Icojw8fP03E,0,h264,480 x 360,30,0,1,0,0
Icojw8fP03E,https://www.youtube.com/watch?v=Icojw8fP03E,1,h264,480 x 360,30,0,1,0,0
Icojw8fP03E,https://www.youtube.com/watch?v=Icojw8fP03E,2,h264,480 x 360,30,0,1,0,0
IBEg-jygXrE,https://www.youtube.com/watch?v=IBEg-jygXrE,0,h264,640 x 360,29.97002997003,0,1,0,0
IBEg-jygXrE,https://www.youtube.com/watch?v=IBEg-jygXrE,1,h264,640 x 360,29.97002997003,0,1,0,0
IBEg-jygXrE,https://www.youtube.com/watch?v=IBEg-jygXrE,2,h264,640 x 360,29.97002997003,0,1,0,0
HVUlFV3Bs70,https://www.youtube.com/watch?v=HVUlFV3Bs70,0,h264,640 x 360,29.9700453427291,0,1,0,0
HVUlFV3Bs70,https://www.youtube.com/watch?v=HVUlFV3Bs70,1,h264,640 x 360,29.9700453427291,0,1,0,0
HVUlFV3Bs70,https://www.youtube.com/watch?v=HVUlFV3Bs70,2,h264,640 x 360,29.9700453427291,0,1,0,0
hVU7HKjhlxo,https://www.youtube.com/watch?v=hVU7HKjhlxo,0,h264,512 x 272,29.97002997003,0,0,0,0
hVU7HKjhlxo,https://www.youtube.com/watch?v=hVU7HKjhlxo,1,h264,512 x 272,29.97002997003,1,0,0,1
hVU7HKjhlxo,https://www.youtube.com/watch?v=hVU7HKjhlxo,2,h264,512 x 272,29.97002997003,1,1,0,1
HUmX6CiMoFk,https://www.youtube.com/watch?v=HUmX6CiMoFk,0,h264,640 x 360,29.97002997003,0,0,0,1
HUmX6CiMoFk,https://www.youtube.com/watch?v=HUmX6CiMoFk,1,h264,640 x 360,29.97002997003,0,0,0,1
HUmX6CiMoFk,https://www.youtube.com/watch?v=HUmX6CiMoFk,2,h264,640 x 360,29.97002997003,0,0,0,1
Ht0IbFNbfSY,https://www.youtube.com/watch?v=Ht0IbFNbfSY,0,h264,640 x 360,23.976023976024,0,0,0,1
Ht0IbFNbfSY,https://www.youtube.com/watch?v=Ht0IbFNbfSY,1,h264,640 x 360,23.976023976024,0,0,0,1
Ht0IbFNbfSY,https://www.youtube.com/watch?v=Ht0IbFNbfSY,2,h264,640 x 360,23.976023976024,0,0,0,0
hN1ui3LyFgc,https://www.youtube.com/watch?v=hN1ui3LyFgc,0,h264,640 x 360,29.97002997003,0,0,0,1
hN1ui3LyFgc,https://www.youtube.com/watch?v=hN1ui3LyFgc,1,h264,640 x 360,29.97002997003,0,0,0,1
hN1ui3LyFgc,https://www.youtube.com/watch?v=hN1ui3LyFgc,2,h264,640 x 360,29.97002997003,1,0,0,1
HJmFmYYZAac,https://www.youtube.com/watch?v=HJmFmYYZAac,0,h264,480 x 360,29.9700416569039,0,0,0,1
HJmFmYYZAac,https://www.youtube.com/watch?v=HJmFmYYZAac,1,h264,480 x 360,29.9700416569039,1,0,0,1
HJmFmYYZAac,https://www.youtube.com/watch?v=HJmFmYYZAac,2,h264,480 x 360,29.9700416569039,1,1,0,1
HEGC2MjaWAM,https://www.youtube.com/watch?v=HEGC2MjaWAM,0,h264,640 x 360,29.97002997003,0,0,0,1
HEGC2MjaWAM,https://www.youtube.com/watch?v=HEGC2MjaWAM,1,h264,640 x 360,29.97002997003,0,0,0,1
HEGC2MjaWAM,https://www.youtube.com/watch?v=HEGC2MjaWAM,2,h264,640 x 360,29.97002997003,0,0,0,1
HE8UAfl83UY,https://www.youtube.com/watch?v=HE8UAfl83UY,0,h264,640 x 360,23.9760443299877,0,1,0,1
HE8UAfl83UY,https://www.youtube.com/watch?v=HE8UAfl83UY,1,h264,640 x 360,23.9760443299877,0,0,0,1
HE8UAfl83UY,https://www.youtube.com/watch?v=HE8UAfl83UY,2,h264,640 x 360,23.9760443299877,1,1,0,1
hdDBKxJSAHQ,https://www.youtube.com/watch?v=hdDBKxJSAHQ,0,h264,640 x 360,29.9699998916094,0,0,0,0
hdDBKxJSAHQ,https://www.youtube.com/watch?v=hdDBKxJSAHQ,1,h264,640 x 360,29.9699998916094,0,1,0,0
hdDBKxJSAHQ,https://www.youtube.com/watch?v=hdDBKxJSAHQ,2,h264,640 x 360,29.9699998916094,0,0,0,1
H0mutl4l5hw,https://www.youtube.com/watch?v=H0mutl4l5hw,0,h264,640 x 360,23.976023976024,0,0,0,1
H0mutl4l5hw,https://www.youtube.com/watch?v=H0mutl4l5hw,1,h264,640 x 360,23.976023976024,0,0,0,1
H0mutl4l5hw,https://www.youtube.com/watch?v=H0mutl4l5hw,2,h264,640 x 360,23.976023976024,0,0,0,1
GzusWio36p8,https://www.youtube.com/watch?v=GzusWio36p8,0,h264,640 x 360,29.9701350554079,0,0,0,1
GzusWio36p8,https://www.youtube.com/watch?v=GzusWio36p8,1,h264,640 x 360,29.9701350554079,0,0,0,1
GzusWio36p8,https://www.youtube.com/watch?v=GzusWio36p8,2,h264,640 x 360,29.9701350554079,0,0,0,1
gvGklWvKhjM,https://www.youtube.com/watch?v=gvGklWvKhjM,0,h264,640 x 360,29.97002997003,0,1,0,0
gvGklWvKhjM,https://www.youtube.com/watch?v=gvGklWvKhjM,1,h264,640 x 360,29.97002997003,0,1,0,0
gvGklWvKhjM,https://www.youtube.com/watch?v=gvGklWvKhjM,2,h264,640 x 360,29.97002997003,0,1,0,0
gqYvBlO2BFo,https://www.youtube.com/watch?v=gqYvBlO2BFo,0,h264,640 x 360,29.9700015773685,0,0,0,0
gqYvBlO2BFo,https://www.youtube.com/watch?v=gqYvBlO2BFo,1,h264,640 x 360,29.9700015773685,0,0,0,0
gqYvBlO2BFo,https://www.youtube.com/watch?v=gqYvBlO2BFo,2,h264,640 x 360,29.9700015773685,0,0,0,0
gLXT76m_880,https://www.youtube.com/watch?v=gLXT76m_880,0,h264,640 x 360,23.976023976024,0,0,0,0
gLXT76m_880,https://www.youtube.com/watch?v=gLXT76m_880,1,h264,640 x 360,23.976023976024,0,0,0,1
gLXT76m_880,https://www.youtube.com/watch?v=gLXT76m_880,2,h264,640 x 360,23.976023976024,0,0,0,1
GL7Mo_B3O74,https://www.youtube.com/watch?v=GL7Mo_B3O74,0,h264,640 x 360,29.97002997003,1,1,0,0
GL7Mo_B3O74,https://www.youtube.com/watch?v=GL7Mo_B3O74,1,h264,640 x 360,29.97002997003,0,0,0,1
GL7Mo_B3O74,https://www.youtube.com/watch?v=GL7Mo_B3O74,2,h264,640 x 360,29.97002997003,0,0,0,1
gI1YHfhC9Jo,https://www.youtube.com/watch?v=gI1YHfhC9Jo,0,h264,640 x 360,29.97002997003,0,0,0,0
gI1YHfhC9Jo,https://www.youtube.com/watch?v=gI1YHfhC9Jo,1,h264,640 x 360,29.97002997003,0,0,0,0
gI1YHfhC9Jo,https://www.youtube.com/watch?v=gI1YHfhC9Jo,2,h264,640 x 360,29.97002997003,0,0,0,0
GgHRGgViWfY,https://www.youtube.com/watch?v=GgHRGgViWfY,0,h264,640 x 360,29.97002997003,0,0,0,1
GgHRGgViWfY,https://www.youtube.com/watch?v=GgHRGgViWfY,1,h264,640 x 360,29.97002997003,0,1,0,1
GgHRGgViWfY,https://www.youtube.com/watch?v=GgHRGgViWfY,2,h264,640 x 360,29.97002997003,0,0,0,1
gbxSpLDQehg,https://www.youtube.com/watch?v=gbxSpLDQehg,0,h264,640 x 360,23.976023976024,0,1,0,1
gbxSpLDQehg,https://www.youtube.com/watch?v=gbxSpLDQehg,1,h264,640 x 360,23.976023976024,1,1,0,1
gbxSpLDQehg,https://www.youtube.com/watch?v=gbxSpLDQehg,2,h264,640 x 360,23.976023976024,0,0,0,1
G5XKkXVmt3k,https://www.youtube.com/watch?v=G5XKkXVmt3k,0,h264,640 x 360,29.97002997003,0,0,0,1
G5XKkXVmt3k,https://www.youtube.com/watch?v=G5XKkXVmt3k,1,h264,640 x 360,29.97002997003,1,0,0,1
G5XKkXVmt3k,https://www.youtube.com/watch?v=G5XKkXVmt3k,2,h264,640 x 360,29.97002997003,1,0,0,1
g04ipP_RqBE,https://www.youtube.com/watch?v=g04ipP_RqBE,0,h264,640 x 360,29.9699998256583,0,0,0,1
g04ipP_RqBE,https://www.youtube.com/watch?v=g04ipP_RqBE,1,h264,640 x 360,29.9699998256583,0,0,0,0
g04ipP_RqBE,https://www.youtube.com/watch?v=g04ipP_RqBE,2,h264,640 x 360,29.9699998256583,0,0,0,0
G2r_I1G_mfA,https://www.youtube.com/watch?v=G2r_I1G_mfA,0,h264,640 x 360,29.97002997003,0,0,0,1
G2r_I1G_mfA,https://www.youtube.com/watch?v=G2r_I1G_mfA,1,h264,640 x 360,29.97002997003,0,0,0,0
G2r_I1G_mfA,https://www.youtube.com/watch?v=G2r_I1G_mfA,2,h264,640 x 360,29.97002997003,0,0,0,0
F-Z3qNeZyTU,https://www.youtube.com/watch?v=F-Z3qNeZyTU,0,h264,640 x 360,23.976023976024,1,0,0,1
F-Z3qNeZyTU,https://www.youtube.com/watch?v=F-Z3qNeZyTU,1,h264,640 x 360,23.976023976024,0,0,0,1
F-Z3qNeZyTU,https://www.youtube.com/watch?v=F-Z3qNeZyTU,2,h264,640 x 360,23.976023976024,0,0,0,1
fukx0OR1ao4,https://www.youtube.com/watch?v=fukx0OR1ao4,0,h264,640 x 360,29.97002997003,0,0,0,0
fukx0OR1ao4,https://www.youtube.com/watch?v=fukx0OR1ao4,1,h264,640 x 360,29.97002997003,0,0,0,0
fukx0OR1ao4,https://www.youtube.com/watch?v=fukx0OR1ao4,2,h264,640 x 360,29.97002997003,0,0,0,0
fnpaS5VC4zw,https://www.youtube.com/watch?v=fnpaS5VC4zw,0,h264,640 x 360,29.97002997003,0,0,0,1
fnpaS5VC4zw,https://www.youtube.com/watch?v=fnpaS5VC4zw,1,h264,640 x 360,29.97002997003,0,0,0,1
fnpaS5VC4zw,https://www.youtube.com/watch?v=fnpaS5VC4zw,2,h264,640 x 360,29.97002997003,0,0,0,1
FiMDQqhwxF4,https://www.youtube.com/watch?v=FiMDQqhwxF4,0,h264,640 x 360,29.9700380943358,1,0,0,1
FiMDQqhwxF4,https://www.youtube.com/watch?v=FiMDQqhwxF4,1,h264,640 x 360,29.9700380943358,0,1,0,1
FiMDQqhwxF4,https://www.youtube.com/watch?v=FiMDQqhwxF4,2,h264,640 x 360,29.9700380943358,0,0,0,1
fGg-VNMHT4A,https://www.youtube.com/watch?v=fGg-VNMHT4A,0,h264,640 x 360,23.976023976024,0,1,0,1
fGg-VNMHT4A,https://www.youtube.com/watch?v=fGg-VNMHT4A,1,h264,640 x 360,23.976023976024,0,1,0,1
fGg-VNMHT4A,https://www.youtube.com/watch?v=fGg-VNMHT4A,2,h264,640 x 360,23.976023976024,0,1,0,1
fDkXHWMNNmc,https://www.youtube.com/watch?v=fDkXHWMNNmc,0,h264,640 x 360,29.970028259393,0,0,0,1
fDkXHWMNNmc,https://www.youtube.com/watch?v=fDkXHWMNNmc,1,h264,640 x 360,29.970028259393,0,0,0,1
fDkXHWMNNmc,https://www.youtube.com/watch?v=fDkXHWMNNmc,2,h264,640 x 360,29.970028259393,0,0,0,1
F5ErMolRE8M,https://www.youtube.com/watch?v=F5ErMolRE8M,0,h264,480 x 360,25,0,0,0,1
F5ErMolRE8M,https://www.youtube.com/watch?v=F5ErMolRE8M,1,h264,480 x 360,25,0,1,0,1
F5ErMolRE8M,https://www.youtube.com/watch?v=F5ErMolRE8M,2,h264,480 x 360,25,0,1,0,1
f0a8M8xoCdU,https://www.youtube.com/watch?v=f0a8M8xoCdU,0,h264,640 x 360,23.9760195859823,1,0,0,1
f0a8M8xoCdU,https://www.youtube.com/watch?v=f0a8M8xoCdU,1,h264,640 x 360,23.9760195859823,1,0,0,1
f0a8M8xoCdU,https://www.youtube.com/watch?v=f0a8M8xoCdU,2,h264,640 x 360,23.9760195859823,1,0,0,1
eZjgg2lTYpE,https://www.youtube.com/watch?v=eZjgg2lTYpE,0,h264,480 x 360,30,0,1,0,1
eZjgg2lTYpE,https://www.youtube.com/watch?v=eZjgg2lTYpE,1,h264,480 x 360,30,0,1,0,1
eZjgg2lTYpE,https://www.youtube.com/watch?v=eZjgg2lTYpE,2,h264,480 x 360,30,0,1,0,1
EyrnqjV61ZY,https://www.youtube.com/watch?v=EyrnqjV61ZY,0,h264,640 x 360,29.97002997003,0,0,0,0
EyrnqjV61ZY,https://www.youtube.com/watch?v=EyrnqjV61ZY,1,h264,640 x 360,29.97002997003,0,0,0,0
EyrnqjV61ZY,https://www.youtube.com/watch?v=EyrnqjV61ZY,2,h264,640 x 360,29.97002997003,0,0,0,0
exhHtH3HOvI,https://www.youtube.com/watch?v=exhHtH3HOvI,0,h264,640 x 360,29.9700004552507,0,0,0,0
exhHtH3HOvI,https://www.youtube.com/watch?v=exhHtH3HOvI,1,h264,640 x 360,29.9700004552507,0,0,0,0
exhHtH3HOvI,https://www.youtube.com/watch?v=exhHtH3HOvI,2,h264,640 x 360,29.9700004552507,0,1,0,0
ehJdupwHXTk,https://www.youtube.com/watch?v=ehJdupwHXTk,0,h264,640 x 360,29.97002997003,0,0,0,1
ehJdupwHXTk,https://www.youtube.com/watch?v=ehJdupwHXTk,1,h264,640 x 360,29.97002997003,0,0,0,1
ehJdupwHXTk,https://www.youtube.com/watch?v=ehJdupwHXTk,2,h264,640 x 360,29.97002997003,0,0,0,1
eCoiFAKbL3I,https://www.youtube.com/watch?v=eCoiFAKbL3I,0,h264,640 x 360,23.976023976024,0,0,0,1
eCoiFAKbL3I,https://www.youtube.com/watch?v=eCoiFAKbL3I,1,h264,640 x 360,23.976023976024,0,0,0,1
eCoiFAKbL3I,https://www.youtube.com/watch?v=eCoiFAKbL3I,2,h264,640 x 360,23.976023976024,0,0,0,1
eCFoHIp0Hbg,https://www.youtube.com/watch?v=eCFoHIp0Hbg,0,h264,480 x 360,30,0,1,0,0
eCFoHIp0Hbg,https://www.youtube.com/watch?v=eCFoHIp0Hbg,1,h264,480 x 360,30,0,1,0,1
eCFoHIp0Hbg,https://www.youtube.com/watch?v=eCFoHIp0Hbg,2,h264,480 x 360,30,0,0,0,0
EA_mqwxoH7I,https://www.youtube.com/watch?v=EA_mqwxoH7I,0,h264,640 x 360,29.97002997003,0,0,0,0
EA_mqwxoH7I,https://www.youtube.com/watch?v=EA_mqwxoH7I,1,h264,640 x 360,29.97002997003,0,1,0,1
EA_mqwxoH7I,https://www.youtube.com/watch?v=EA_mqwxoH7I,2,h264,640 x 360,29.97002997003,0,0,0,1
dzhmA92F77s,https://www.youtube.com/watch?v=dzhmA92F77s,0,h264,640 x 360,23.976023976024,0,1,0,1
dzhmA92F77s,https://www.youtube.com/watch?v=dzhmA92F77s,1,h264,640 x 360,23.976023976024,1,0,0,1
dzhmA92F77s,https://www.youtube.com/watch?v=dzhmA92F77s,2,h264,640 x 360,23.976023976024,0,0,0,1
Dtd1lKYQb8M,https://www.youtube.com/watch?v=Dtd1lKYQb8M,0,h264,480 x 360,30,0,1,0,1
Dtd1lKYQb8M,https://www.youtube.com/watch?v=Dtd1lKYQb8M,1,h264,480 x 360,30,0,1,0,1
DO9U_XxN-Kc,https://www.youtube.com/watch?v=DO9U_XxN-Kc,0,h264,640 x 360,29.97002997003,1,0,0,0
DO9U_XxN-Kc,https://www.youtube.com/watch?v=DO9U_XxN-Kc,1,h264,640 x 360,29.97002997003,0,0,0,0
DO9U_XxN-Kc,https://www.youtube.com/watch?v=DO9U_XxN-Kc,2,h264,640 x 360,29.97002997003,0,0,0,0
dnzA9bYc7I8,https://www.youtube.com/watch?v=dnzA9bYc7I8,0,h264,640 x 360,29.97002997003,0,0,0,0
dnzA9bYc7I8,https://www.youtube.com/watch?v=dnzA9bYc7I8,1,h264,640 x 360,29.97002997003,0,0,0,0
dnzA9bYc7I8,https://www.youtube.com/watch?v=dnzA9bYc7I8,2,h264,640 x 360,29.97002997003,0,0,0,0
dGidYBqBHVw,https://www.youtube.com/watch?v=dGidYBqBHVw,0,h264,640 x 360,29.97002997003,0,0,0,0
dGidYBqBHVw,https://www.youtube.com/watch?v=dGidYBqBHVw,1,h264,640 x 360,29.97002997003,0,0,0,0
dGidYBqBHVw,https://www.youtube.com/watch?v=dGidYBqBHVw,2,h264,640 x 360,29.97002997003,0,0,0,0
d1rHsI-g3z4,https://www.youtube.com/watch?v=d1rHsI-g3z4,0,h264,640 x 360,29.97002997003,0,0,0,1
d1rHsI-g3z4,https://www.youtube.com/watch?v=d1rHsI-g3z4,1,h264,640 x 360,29.97002997003,0,0,0,1
d1rHsI-g3z4,https://www.youtube.com/watch?v=d1rHsI-g3z4,2,h264,640 x 360,29.97002997003,1,0,0,1
cZQmD1vLMJk,https://www.youtube.com/watch?v=cZQmD1vLMJk,0,h264,640 x 360,29.97002997003,0,0,0,1
cZQmD1vLMJk,https://www.youtube.com/watch?v=cZQmD1vLMJk,1,h264,640 x 360,29.97002997003,0,0,0,0
cZQmD1vLMJk,https://www.youtube.com/watch?v=cZQmD1vLMJk,2,h264,640 x 360,29.97002997003,0,0,0,0
CVa3ud_bL4A,https://www.youtube.com/watch?v=CVa3ud_bL4A,0,h264,640 x 360,29.970020106487,0,0,0,1
CVa3ud_bL4A,https://www.youtube.com/watch?v=CVa3ud_bL4A,1,h264,640 x 360,29.970020106487,0,0,0,0
CVa3ud_bL4A,https://www.youtube.com/watch?v=CVa3ud_bL4A,2,h264,640 x 360,29.970020106487,0,0,0,0
cRU9BT9M9Iw,https://www.youtube.com/watch?v=cRU9BT9M9Iw,0,h264,640 x 360,29.97002997003,0,0,0,0
cRU9BT9M9Iw,https://www.youtube.com/watch?v=cRU9BT9M9Iw,1,h264,640 x 360,29.97002997003,0,0,0,0
cRU9BT9M9Iw,https://www.youtube.com/watch?v=cRU9BT9M9Iw,2,h264,640 x 360,29.97002997003,0,0,0,1
copfNPbpLR8,https://www.youtube.com/watch?v=copfNPbpLR8,0,h264,640 x 360,29.97002997003,0,0,0,1
copfNPbpLR8,https://www.youtube.com/watch?v=copfNPbpLR8,1,h264,640 x 360,29.97002997003,0,0,0,1
copfNPbpLR8,https://www.youtube.com/watch?v=copfNPbpLR8,2,h264,640 x 360,29.97002997003,0,0,0,1
cLnFSqpyQDg,https://www.youtube.com/watch?v=cLnFSqpyQDg,0,h264,640 x 360,29.97002997003,1,0,0,1
cLnFSqpyQDg,https://www.youtube.com/watch?v=cLnFSqpyQDg,1,h264,640 x 360,29.97002997003,1,1,0,1
cLnFSqpyQDg,https://www.youtube.com/watch?v=cLnFSqpyQDg,2,h264,640 x 360,29.97002997003,0,1,0,1
c_KeluilBcs,https://www.youtube.com/watch?v=c_KeluilBcs,0,h264,640 x 360,29.97002997003,0,0,0,1
c_KeluilBcs,https://www.youtube.com/watch?v=c_KeluilBcs,1,h264,640 x 360,29.97002997003,0,0,0,1
c_KeluilBcs,https://www.youtube.com/watch?v=c_KeluilBcs,2,h264,640 x 360,29.97002997003,0,0,0,1
CeKMHBOU6Jk,https://www.youtube.com/watch?v=CeKMHBOU6Jk,0,h264,640 x 360,29.9699998492455,0,0,0,1
CeKMHBOU6Jk,https://www.youtube.com/watch?v=CeKMHBOU6Jk,1,h264,640 x 360,29.9699998492455,0,0,0,1
CeKMHBOU6Jk,https://www.youtube.com/watch?v=CeKMHBOU6Jk,2,h264,640 x 360,29.9699998492455,0,0,0,1
CD4MptwCvWM,https://www.youtube.com/watch?v=CD4MptwCvWM,0,h264,640 x 360,29.969999681654,0,0,0,0
CD4MptwCvWM,https://www.youtube.com/watch?v=CD4MptwCvWM,1,h264,640 x 360,29.969999681654,0,0,0,1
CD4MptwCvWM,https://www.youtube.com/watch?v=CD4MptwCvWM,2,h264,640 x 360,29.969999681654,0,1,0,1
BYG1qf3XJNM,https://www.youtube.com/watch?v=BYG1qf3XJNM,0,h264,640 x 360,29.9700330036277,0,0,0,1
BYG1qf3XJNM,https://www.youtube.com/watch?v=BYG1qf3XJNM,1,h264,640 x 360,29.9700330036277,0,0,0,1
BYG1qf3XJNM,https://www.youtube.com/watch?v=BYG1qf3XJNM,2,h264,640 x 360,29.9700330036277,0,0,0,1
BvJ1BuEtZEo,https://www.youtube.com/watch?v=BvJ1BuEtZEo,0,h264,640 x 360,29.97002997003,0,0,0,1
BvJ1BuEtZEo,https://www.youtube.com/watch?v=BvJ1BuEtZEo,1,h264,640 x 360,29.97002997003,0,0,0,1
BvJ1BuEtZEo,https://www.youtube.com/watch?v=BvJ1BuEtZEo,2,h264,640 x 360,29.97002997003,0,0,0,0
bTE_EEuVRe0,https://www.youtube.com/watch?v=bTE_EEuVRe0,0,h264,640 x 360,29.97002997003,0,0,0,0
bTE_EEuVRe0,https://www.youtube.com/watch?v=bTE_EEuVRe0,1,h264,640 x 360,29.97002997003,0,0,0,0
bTE_EEuVRe0,https://www.youtube.com/watch?v=bTE_EEuVRe0,2,h264,640 x 360,29.97002997003,0,0,0,0
bOcDaRzT-Vc,https://www.youtube.com/watch?v=bOcDaRzT-Vc,0,h264,640 x 360,29.97002997003,0,0,0,0
bOcDaRzT-Vc,https://www.youtube.com/watch?v=bOcDaRzT-Vc,1,h264,640 x 360,29.97002997003,0,0,0,0
bOcDaRzT-Vc,https://www.youtube.com/watch?v=bOcDaRzT-Vc,2,h264,640 x 360,29.97002997003,0,0,0,0
bLYVGIqd2WE,https://www.youtube.com/watch?v=bLYVGIqd2WE,0,h264,640 x 360,29.97002997003,0,0,0,1
bLYVGIqd2WE,https://www.youtube.com/watch?v=bLYVGIqd2WE,1,h264,640 x 360,29.97002997003,0,0,0,0
bLYVGIqd2WE,https://www.youtube.com/watch?v=bLYVGIqd2WE,2,h264,640 x 360,29.97002997003,0,0,0,1
B3eoMIEop_E,https://www.youtube.com/watch?v=B3eoMIEop_E,0,h264,640 x 360,23.976023976024,0,0,0,1
B3eoMIEop_E,https://www.youtube.com/watch?v=B3eoMIEop_E,1,h264,640 x 360,23.976023976024,0,0,0,0
B3eoMIEop_E,https://www.youtube.com/watch?v=B3eoMIEop_E,2,h264,640 x 360,23.976023976024,0,0,0,0
avktSv68q6M,https://www.youtube.com/watch?v=avktSv68q6M,0,h264,640 x 360,29.97002997003,0,0,0,1
avktSv68q6M,https://www.youtube.com/watch?v=avktSv68q6M,1,h264,640 x 360,29.97002997003,0,0,0,1
avktSv68q6M,https://www.youtube.com/watch?v=avktSv68q6M,2,h264,640 x 360,29.97002997003,0,0,0,1
as-kuWcHIT0,https://www.youtube.com/watch?v=as-kuWcHIT0,0,h264,480 x 360,29.9700443943616,0,1,0,1
as-kuWcHIT0,https://www.youtube.com/watch?v=as-kuWcHIT0,1,h264,480 x 360,29.9700443943616,0,1,0,1
as-kuWcHIT0,https://www.youtube.com/watch?v=as-kuWcHIT0,2,h264,480 x 360,29.9700443943616,1,1,0,1
ArXvM11n3Ug,https://www.youtube.com/watch?v=ArXvM11n3Ug,0,h264,640 x 360,29.97002997003,0,0,0,1
ArXvM11n3Ug,https://www.youtube.com/watch?v=ArXvM11n3Ug,1,h264,640 x 360,29.97002997003,0,0,0,1
ArXvM11n3Ug,https://www.youtube.com/watch?v=ArXvM11n3Ug,2,h264,640 x 360,29.97002997003,0,0,0,1
aqAbmYh7eAM,https://www.youtube.com/watch?v=aqAbmYh7eAM,0,h264,640 x 360,29.97,0,0,0,1
aqAbmYh7eAM,https://www.youtube.com/watch?v=aqAbmYh7eAM,1,h264,640 x 360,29.97,0,1,0,0
aqAbmYh7eAM,https://www.youtube.com/watch?v=aqAbmYh7eAM,2,h264,640 x 360,29.97,0,0,0,1
anMWTH1LRZg,https://www.youtube.com/watch?v=anMWTH1LRZg,0,h264,640 x 360,29.9700089202533,0,0,0,1
anMWTH1LRZg,https://www.youtube.com/watch?v=anMWTH1LRZg,1,h264,640 x 360,29.9700089202533,1,0,0,1
anMWTH1LRZg,https://www.youtube.com/watch?v=anMWTH1LRZg,2,h264,640 x 360,29.9700089202533,0,0,0,1
al-TxOuSqc8,https://www.youtube.com/watch?v=al-TxOuSqc8,0,h264,640 x 360,29.97002997003,0,1,0,0
al-TxOuSqc8,https://www.youtube.com/watch?v=al-TxOuSqc8,1,h264,640 x 360,29.97002997003,0,1,0,1
al-TxOuSqc8,https://www.youtube.com/watch?v=al-TxOuSqc8,2,h264,640 x 360,29.97002997003,0,1,0,1
aJrBBz_yjIo,https://www.youtube.com/watch?v=aJrBBz_yjIo,0,h264,640 x 360,29.97002997003,0,1,0,1
aJrBBz_yjIo,https://www.youtube.com/watch?v=aJrBBz_yjIo,1,h264,640 x 360,29.97002997003,0,0,0,1
aJrBBz_yjIo,https://www.youtube.com/watch?v=aJrBBz_yjIo,2,h264,640 x 360,29.97002997003,0,0,0,1
ACG9pwtKtjQ,https://www.youtube.com/watch?v=ACG9pwtKtjQ,0,h264,640 x 360,29.97002997003,0,0,0,1
ACG9pwtKtjQ,https://www.youtube.com/watch?v=ACG9pwtKtjQ,1,h264,640 x 360,29.97002997003,0,0,0,1
ACG9pwtKtjQ,https://www.youtube.com/watch?v=ACG9pwtKtjQ,2,h264,640 x 360,29.97002997003,0,0,0,1
AcC01svBx_Q,https://www.youtube.com/watch?v=AcC01svBx_Q,0,h264,640 x 360,29.97002997003,0,0,0,1
AcC01svBx_Q,https://www.youtube.com/watch?v=AcC01svBx_Q,1,h264,640 x 360,29.97002997003,0,0,0,1
AcC01svBx_Q,https://www.youtube.com/watch?v=AcC01svBx_Q,2,h264,640 x 360,29.97002997003,0,0,0,1
A9GyVeV1Yu8,https://www.youtube.com/watch?v=A9GyVeV1Yu8,0,h264,640 x 360,23.976023976024,0,0,0,1
A9GyVeV1Yu8,https://www.youtube.com/watch?v=A9GyVeV1Yu8,1,h264,640 x 360,23.976023976024,0,0,0,1
A9GyVeV1Yu8,https://www.youtube.com/watch?v=A9GyVeV1Yu8,2,h264,640 x 360,23.976023976024,0,0,0,1
97xL-DNDHEI,https://www.youtube.com/watch?v=97xL-DNDHEI,0,h264,640 x 360,29.97002997003,0,0,0,1
97xL-DNDHEI,https://www.youtube.com/watch?v=97xL-DNDHEI,1,h264,640 x 360,29.97002997003,0,0,0,0
97xL-DNDHEI,https://www.youtube.com/watch?v=97xL-DNDHEI,2,h264,640 x 360,29.97002997003,0,0,0,0
70e6aGUbgwU,https://www.youtube.com/watch?v=70e6aGUbgwU,0,h264,640 x 360,23.976023976024,0,1,0,0
70e6aGUbgwU,https://www.youtube.com/watch?v=70e6aGUbgwU,1,h264,640 x 360,23.976023976024,0,1,0,0
70e6aGUbgwU,https://www.youtube.com/watch?v=70e6aGUbgwU,2,h264,640 x 360,23.976023976024,0,1,0,0
11XnzEaFThU,https://www.youtube.com/watch?v=11XnzEaFThU,0,h264,640 x 360,23.976023976024,0,0,0,1
11XnzEaFThU,https://www.youtube.com/watch?v=11XnzEaFThU,1,h264,640 x 360,23.976023976024,0,0,0,1
11XnzEaFThU,https://www.youtube.com/watch?v=11XnzEaFThU,2,h264,640 x 360,23.976023976024,0,1,0,0
9-r9MIsPhg8,https://www.youtube.com/watch?v=9-r9MIsPhg8,0,h264,640 x 360,23.976023976024,1,0,0,1
9-r9MIsPhg8,https://www.youtube.com/watch?v=9-r9MIsPhg8,1,h264,640 x 360,23.976023976024,1,0,0,1
9-r9MIsPhg8,https://www.youtube.com/watch?v=9-r9MIsPhg8,2,h264,640 x 360,23.976023976024,1,0,0,1
9P1IVQJdVvE,https://www.youtube.com/watch?v=9P1IVQJdVvE,0,h264,640 x 360,29.97002997003,0,0,0,1
9P1IVQJdVvE,https://www.youtube.com/watch?v=9P1IVQJdVvE,1,h264,640 x 360,29.97002997003,0,0,0,1
9P1IVQJdVvE,https://www.youtube.com/watch?v=9P1IVQJdVvE,2,h264,640 x 360,29.97002997003,0,0,0,1
9ffKBhMacLo,https://www.youtube.com/watch?v=9ffKBhMacLo,0,h264,640 x 360,29.969999628529,0,0,0,0
9ffKBhMacLo,https://www.youtube.com/watch?v=9ffKBhMacLo,1,h264,640 x 360,29.969999628529,0,0,0,0
9ffKBhMacLo,https://www.youtube.com/watch?v=9ffKBhMacLo,2,h264,640 x 360,29.969999628529,0,0,0,0
9Buv3Xp9dqI,https://www.youtube.com/watch?v=9Buv3Xp9dqI,0,h264,640 x 360,29.97002997003,0,0,0,0
9Buv3Xp9dqI,https://www.youtube.com/watch?v=9Buv3Xp9dqI,1,h264,640 x 360,29.97002997003,0,0,0,1
9Buv3Xp9dqI,https://www.youtube.com/watch?v=9Buv3Xp9dqI,2,h264,640 x 360,29.97002997003,0,0,0,1
9aHpZKXC4q8,https://www.youtube.com/watch?v=9aHpZKXC4q8,0,h264,640 x 360,29.97002997003,0,0,0,0
9aHpZKXC4q8,https://www.youtube.com/watch?v=9aHpZKXC4q8,1,h264,640 x 360,29.97002997003,0,0,0,0
9aHpZKXC4q8,https://www.youtube.com/watch?v=9aHpZKXC4q8,2,h264,640 x 360,29.97002997003,0,1,0,0
8AGNsvNFUGw,https://www.youtube.com/watch?v=8AGNsvNFUGw,0,h264,640 x 360,23.976023976024,0,0,0,1
8AGNsvNFUGw,https://www.youtube.com/watch?v=8AGNsvNFUGw,1,h264,640 x 360,23.976023976024,0,0,0,1
8AGNsvNFUGw,https://www.youtube.com/watch?v=8AGNsvNFUGw,2,h264,640 x 360,23.976023976024,0,0,0,1
7w4TMdCLNMM,https://www.youtube.com/watch?v=7w4TMdCLNMM,0,h264,640 x 360,29.97002997003,0,0,0,0
7w4TMdCLNMM,https://www.youtube.com/watch?v=7w4TMdCLNMM,1,h264,640 x 360,29.97002997003,0,0,0,0
7w4TMdCLNMM,https://www.youtube.com/watch?v=7w4TMdCLNMM,2,h264,640 x 360,29.97002997003,0,0,0,0
7TMrciKhhkk,https://www.youtube.com/watch?v=7TMrciKhhkk,0,h264,640 x 360,23.976023976024,0,0,0,1
7TMrciKhhkk,https://www.youtube.com/watch?v=7TMrciKhhkk,1,h264,640 x 360,23.976023976024,0,0,0,1
7TMrciKhhkk,https://www.youtube.com/watch?v=7TMrciKhhkk,2,h264,640 x 360,23.976023976024,0,0,0,1
7k7CSdWxfs4,https://www.youtube.com/watch?v=7k7CSdWxfs4,0,h264,640 x 360,23.976023976024,0,0,0,1
7k7CSdWxfs4,https://www.youtube.com/watch?v=7k7CSdWxfs4,1,h264,640 x 360,23.976023976024,0,0,0,1
7k7CSdWxfs4,https://www.youtube.com/watch?v=7k7CSdWxfs4,2,h264,640 x 360,23.976023976024,1,0,0,1
7aIvhXOq6oM,https://www.youtube.com/watch?v=7aIvhXOq6oM,0,h264,640 x 360,23.976023976024,0,0,0,1
7aIvhXOq6oM,https://www.youtube.com/watch?v=7aIvhXOq6oM,1,h264,640 x 360,23.976023976024,0,1,0,0
7aIvhXOq6oM,https://www.youtube.com/watch?v=7aIvhXOq6oM,2,h264,640 x 360,23.976023976024,0,1,0,0
6yKh2hNYBYo,https://www.youtube.com/watch?v=6yKh2hNYBYo,0,h264,640 x 360,29.970001243128,0,0,0,0
6yKh2hNYBYo,https://www.youtube.com/watch?v=6yKh2hNYBYo,1,h264,640 x 360,29.970001243128,0,0,0,0
6yKh2hNYBYo,https://www.youtube.com/watch?v=6yKh2hNYBYo,2,h264,640 x 360,29.970001243128,0,0,0,0
6n7HtMKjFGA,https://www.youtube.com/watch?v=6n7HtMKjFGA,0,h264,640 x 360,29.97002997003,0,0,0,1
6n7HtMKjFGA,https://www.youtube.com/watch?v=6n7HtMKjFGA,1,h264,640 x 360,29.97002997003,0,0,0,1
6n7HtMKjFGA,https://www.youtube.com/watch?v=6n7HtMKjFGA,2,h264,640 x 360,29.97002997003,0,0,0,1
6-JGr-ZyPv8,https://www.youtube.com/watch?v=6-JGr-ZyPv8,0,h264,480 x 360,30,0,1,0,0
6-JGr-ZyPv8,https://www.youtube.com/watch?v=6-JGr-ZyPv8,1,h264,480 x 360,30,0,1,0,0
6-JGr-ZyPv8,https://www.youtube.com/watch?v=6-JGr-ZyPv8,2,h264,480 x 360,30,0,1,0,0
6iYlAL8W1Gk,https://www.youtube.com/watch?v=6iYlAL8W1Gk,0,h264,640 x 360,29.97002997003,0,0,0,1
6iYlAL8W1Gk,https://www.youtube.com/watch?v=6iYlAL8W1Gk,1,h264,640 x 360,29.97002997003,0,0,0,1
6iYlAL8W1Gk,https://www.youtube.com/watch?v=6iYlAL8W1Gk,2,h264,640 x 360,29.97002997003,0,0,0,1
5LBSZnZ2BbY,https://www.youtube.com/watch?v=5LBSZnZ2BbY,0,h264,640 x 360,29.97002997003,0,0,0,1
5LBSZnZ2BbY,https://www.youtube.com/watch?v=5LBSZnZ2BbY,1,h264,640 x 360,29.97002997003,0,0,0,1
5LBSZnZ2BbY,https://www.youtube.com/watch?v=5LBSZnZ2BbY,2,h264,640 x 360,29.97002997003,0,0,0,1
5CvxEy0ZV2w,https://www.youtube.com/watch?v=5CvxEy0ZV2w,0,h264,640 x 360,25,0,0,0,1
5CvxEy0ZV2w,https://www.youtube.com/watch?v=5CvxEy0ZV2w,1,h264,640 x 360,25,0,0,0,1
5CvxEy0ZV2w,https://www.youtube.com/watch?v=5CvxEy0ZV2w,2,h264,640 x 360,25,0,0,0,0
05C_USQpmnI,https://www.youtube.com/watch?v=05C_USQpmnI,0,h264,640 x 360,29.97002997003,0,0,0,0
05C_USQpmnI,https://www.youtube.com/watch?v=05C_USQpmnI,1,h264,640 x 360,29.97002997003,0,0,0,1
05C_USQpmnI,https://www.youtube.com/watch?v=05C_USQpmnI,2,h264,640 x 360,29.97002997003,0,0,0,1
4uO08Lr5g3k,https://www.youtube.com/watch?v=4uO08Lr5g3k,0,h264,640 x 360,25,0,0,0,0
4uO08Lr5g3k,https://www.youtube.com/watch?v=4uO08Lr5g3k,1,h264,640 x 360,25,0,0,0,0
4uO08Lr5g3k,https://www.youtube.com/watch?v=4uO08Lr5g3k,2,h264,640 x 360,25,0,0,0,0
4nPuZ9chE7s,https://www.youtube.com/watch?v=4nPuZ9chE7s,0,h264,640 x 360,29.9700212736807,0,0,0,0
4nPuZ9chE7s,https://www.youtube.com/watch?v=4nPuZ9chE7s,1,h264,640 x 360,29.9700212736807,0,0,0,0
4nPuZ9chE7s,https://www.youtube.com/watch?v=4nPuZ9chE7s,2,h264,640 x 360,29.9700212736807,0,0,0,0
4I9CwlPk8GE,https://www.youtube.com/watch?v=4I9CwlPk8GE,0,h264,540 x 360,29.97002997003,1,0,0,1
4I9CwlPk8GE,https://www.youtube.com/watch?v=4I9CwlPk8GE,1,h264,540 x 360,29.97002997003,1,0,0,1
4I9CwlPk8GE,https://www.youtube.com/watch?v=4I9CwlPk8GE,2,h264,540 x 360,29.97002997003,0,0,0,0
4FSKz0-a-qQ,https://www.youtube.com/watch?v=4FSKz0-a-qQ,0,h264,640 x 360,23.976023976024,0,0,0,0
4FSKz0-a-qQ,https://www.youtube.com/watch?v=4FSKz0-a-qQ,1,h264,640 x 360,23.976023976024,0,0,0,0
4FSKz0-a-qQ,https://www.youtube.com/watch?v=4FSKz0-a-qQ,2,h264,640 x 360,23.976023976024,0,0,0,0
3T2LdUb_Evc,https://www.youtube.com/watch?v=3T2LdUb_Evc,0,h264,640 x 360,29.9700805214415,0,0,0,1
3T2LdUb_Evc,https://www.youtube.com/watch?v=3T2LdUb_Evc,1,h264,640 x 360,29.9700805214415,0,0,0,0
3T2LdUb_Evc,https://www.youtube.com/watch?v=3T2LdUb_Evc,2,h264,640 x 360,29.9700805214415,0,0,0,0
3d7NjfTziNM,https://www.youtube.com/watch?v=3d7NjfTziNM,0,h264,640 x 360,25,0,0,0,1
3d7NjfTziNM,https://www.youtube.com/watch?v=3d7NjfTziNM,1,h264,640 x 360,25,0,0,0,1
3d7NjfTziNM,https://www.youtube.com/watch?v=3d7NjfTziNM,2,h264,640 x 360,25,0,0,0,1
2xcWYu18a-w,https://www.youtube.com/watch?v=2xcWYu18a-w,0,h264,640 x 360,23.976023976024,0,0,0,1
2xcWYu18a-w,https://www.youtube.com/watch?v=2xcWYu18a-w,1,h264,640 x 360,23.976023976024,0,0,0,1
2xcWYu18a-w,https://www.youtube.com/watch?v=2xcWYu18a-w,2,h264,640 x 360,23.976023976024,0,0,0,1
2wUTFaHkWlk,https://www.youtube.com/watch?v=2wUTFaHkWlk,0,h264,640 x 360,29.9700191368942,0,0,0,0
2wUTFaHkWlk,https://www.youtube.com/watch?v=2wUTFaHkWlk,1,h264,640 x 360,29.9700191368942,0,0,0,0
2wUTFaHkWlk,https://www.youtube.com/watch?v=2wUTFaHkWlk,2,h264,640 x 360,29.9700191368942,0,0,0,0
2fch6wJNuxE,https://www.youtube.com/watch?v=2fch6wJNuxE,0,h264,640 x 360,23.976023976024,0,0,0,0
2fch6wJNuxE,https://www.youtube.com/watch?v=2fch6wJNuxE,1,h264,640 x 360,23.976023976024,0,0,0,1
2fch6wJNuxE,https://www.youtube.com/watch?v=2fch6wJNuxE,2,h264,640 x 360,23.976023976024,0,0,0,1
1yhNm_8q07g,https://www.youtube.com/watch?v=1yhNm_8q07g,0,h264,640 x 360,25,0,0,0,0
1yhNm_8q07g,https://www.youtube.com/watch?v=1yhNm_8q07g,1,h264,640 x 360,25,0,0,0,1
1yhNm_8q07g,https://www.youtube.com/watch?v=1yhNm_8q07g,2,h264,640 x 360,25,0,0,0,0
1xIaQiPO0DY,https://www.youtube.com/watch?v=1xIaQiPO0DY,0,h264,480 x 360,29.97003149621,0,0,0,0
1xIaQiPO0DY,https://www.youtube.com/watch?v=1xIaQiPO0DY,1,h264,480 x 360,29.97003149621,0,0,0,0
1xIaQiPO0DY,https://www.youtube.com/watch?v=1xIaQiPO0DY,2,h264,480 x 360,29.97003149621,0,0,0,0
1WlMxRuVbFY,https://www.youtube.com/watch?v=1WlMxRuVbFY,0,h264,640 x 360,23.976023976024,0,0,0,0
1WlMxRuVbFY,https://www.youtube.com/watch?v=1WlMxRuVbFY,1,h264,640 x 360,23.976023976024,0,0,0,0
1WlMxRuVbFY,https://www.youtube.com/watch?v=1WlMxRuVbFY,2,h264,640 x 360,23.976023976024,0,0,0,1
1U-amrqqCKw,https://www.youtube.com/watch?v=1U-amrqqCKw,0,h264,640 x 360,25,0,0,0,0
1U-amrqqCKw,https://www.youtube.com/watch?v=1U-amrqqCKw,1,h264,640 x 360,25,0,0,0,0
1U-amrqqCKw,https://www.youtube.com/watch?v=1U-amrqqCKw,2,h264,640 x 360,25,0,0,0,0
1lJ6P7DNiqU,https://www.youtube.com/watch?v=1lJ6P7DNiqU,0,h264,640 x 360,25,0,0,0,1
1lJ6P7DNiqU,https://www.youtube.com/watch?v=1lJ6P7DNiqU,1,h264,640 x 360,25,0,0,0,1
1lJ6P7DNiqU,https://www.youtube.com/watch?v=1lJ6P7DNiqU,2,h264,640 x 360,25,1,0,0,1
1CsN6ZYgp2Y,https://www.youtube.com/watch?v=1CsN6ZYgp2Y,0,h264,640 x 360,29.97002997003,0,0,0,1
1CsN6ZYgp2Y,https://www.youtube.com/watch?v=1CsN6ZYgp2Y,1,h264,640 x 360,29.97002997003,0,0,0,0
1CsN6ZYgp2Y,https://www.youtube.com/watch?v=1CsN6ZYgp2Y,2,h264,640 x 360,29.97002997003,0,0,0,1
0WXz80eghKE,https://www.youtube.com/watch?v=0WXz80eghKE,0,h264,640 x 360,29.97002997003,0,0,0,1
0WXz80eghKE,https://www.youtube.com/watch?v=0WXz80eghKE,1,h264,640 x 360,29.97002997003,0,0,0,1
0WXz80eghKE,https://www.youtube.com/watch?v=0WXz80eghKE,2,h264,640 x 360,29.97002997003,0,0,0,1
0OMLrBsH_IA,https://www.youtube.com/watch?v=0OMLrBsH_IA,0,h264,480 x 360,30,0,0,0,1
0OMLrBsH_IA,https://www.youtube.com/watch?v=0OMLrBsH_IA,1,h264,480 x 360,30,0,1,0,1
0OMLrBsH_IA,https://www.youtube.com/watch?v=0OMLrBsH_IA,2,h264,480 x 360,30,0,1,0,1
0o5lmDCKstc,https://www.youtube.com/watch?v=0o5lmDCKstc,0,h264,480 x 360,29.97002997003,0,0,0,1
0o5lmDCKstc,https://www.youtube.com/watch?v=0o5lmDCKstc,1,h264,480 x 360,29.97002997003,0,0,0,1
0kvloLSK6ew,https://www.youtube.com/watch?v=0kvloLSK6ew,0,h264,640 x 360,29.97002997003,0,0,0,1
0kvloLSK6ew,https://www.youtube.com/watch?v=0kvloLSK6ew,1,h264,640 x 360,29.97002997003,0,0,0,0
0kvloLSK6ew,https://www.youtube.com/watch?v=0kvloLSK6ew,2,h264,640 x 360,29.97002997003,0,0,0,1
_68rPYEX-A0,https://www.youtube.com/watch?v=_68rPYEX-A0,0,h264,640 x 360,23.976023976024,0,0,0,1
_68rPYEX-A0,https://www.youtube.com/watch?v=_68rPYEX-A0,1,h264,640 x 360,23.976023976024,0,0,0,1
_68rPYEX-A0,https://www.youtube.com/watch?v=_68rPYEX-A0,2,h264,640 x 360,23.976023976024,0,0,0,0
